Workbook

Sheet CRP
A1: Country | B1: Country code | C1: 2000 | D1: 2001 | E1: 2002 | F1: 2003 | G1: 2004 | H1: 2005 | I1: 2006 | J1: 2007 | K1: 2008 | L1: 2009 | M1: 2010 | N1: 2011 | O1: 2012 | P1: 2013 | Q1: 2014 | R1: 2015 | S1: 2016 | T1: 2017 | U1: 2018 | V1: 2019 | W1: 2020 | X1: 2021 | Y1: 2022 | Z1: 2023 | AA1: 2024 | AB1: 2025 | AC1: Country Risk Premium
A2: ERP | B2: ERP | C2: ='ERP2000'!E8*100 -> 5.51 | D2: ='ERP2001'!E8*100 -> 5.51 | E2: ='ERP2002'!E9*100 -> 4.51 | F2: ='ERP2003'!E9*100 -> 4.82 | G2: ='ERP2004'!E9*100 -> 4.84 | H2: ='ERP2005'!E9*100 -> 4.8 | I2: ='ERP2006'!E9*100 -> 4.91 | J2: ='ERP2007'!E9*100 -> 4.79 | K2: ='ERP2008'!E9*100 -> 5 | L2: ='ERP2009'!E9*100 -> 4.5 | M2: ='ERP2010'!E9*100 -> 5 | N2: ='ERP2011'!E9*100 -> 6 | O2: ='ERP2012'!E3*100 -> 5.8 | P2: ='ERP2013'!E3*100 -> 5 | Q2: ='ERP2014'!E3*100 -> 5.75 | R2: ='ERP2015'!E3*100 -> 6.25 | S2: ='ERP2016'!E3*100 -> 5.69 | T2: ='ERP2017'!E3*100 -> 5.08 | U2: ='ERP2018'!E3*100 -> 5.96 | V2: ='ERP2019'!E3*100 -> 5.2 | W2: ='ERP2020'!E3*100 -> 4.72 | X2: ='ERP2021'!E3*100 -> 4.24 | Y2: ='ERP2022'!E3*100 -> 5.94 | Z2: ='ERP2023'!E3*100 -> 4.6 | AA2: ='ERP2024'!E3*100 -> 4.33 | AB2: ='ERP2025'!E3*100 -> 4.21 | AC2: CRP
A3: Abu Dhabi | B3: ABD | C3: =IFERROR(INDEX('ERP2000'!$A$18:$F$159,MATCH(CRP!$A3,'ERP2000'!$A$18:$A$159,0),MATCH($AC$1,'ERP2000'!$A$20:$F$20,0))*100, "") | D3: =IFERROR(INDEX('ERP2001'!$A$18:$F$159,MATCH(CRP!$A3,'ERP2001'!$A$18:$A$159,0),MATCH($AC$1,'ERP2001'!$A$20:$F$20,0))*100, "") | E3: =IFERROR(INDEX('ERP2002'!$A$18:$F$159,MATCH(CRP!$A3,'ERP2002'!$A$18:$A$159,0),MATCH($AC$1,'ERP2002'!$A$21:$F$21,0))*100, "") | F3: =IFERROR(INDEX('ERP2003'!$A$18:$F$159,MATCH(CRP!$A3,'ERP2003'!$A$18:$A$159,0),MATCH($AC$1,'ERP2003'!$A$21:$F$21,0))*100, "") | G3: =IFERROR(INDEX('ERP2004'!$A$18:$F$159,MATCH(CRP!$A3,'ERP2004'!$A$18:$A$159,0),MATCH($AC$1,'ERP2004'!$A$21:$F$21,0))*100, "") | H3: =IFERROR(INDEX('ERP2005'!$A$18:$F$159,MATCH(CRP!$A3,'ERP2005'!$A$18:$A$159,0),MATCH($AC$1,'ERP2005'!$A$21:$F$21,0))*100, "") | I3: =IFERROR(INDEX('ERP2006'!$A$18:$F$159,MATCH(CRP!$A3,'ERP2006'!$A$18:$A$159,0),MATCH($AC$1,'ERP2006'!$A$21:$F$21,0))*100, "") | J3: =IFERROR(INDEX('ERP2007'!$A$18:$F$159,MATCH(CRP!$A3,'ERP2007'!$A$18:$A$159,0),MATCH($AC$1,'ERP2007'!$A$21:$F$21,0))*100, "") | K3: =IFERROR(INDEX('ERP2008'!$A$18:$F$159,MATCH(CRP!$A3,'ERP2008'!$A$18:$A$159,0),MATCH($AC$1,'ERP2008'!$A$21:$F$21,0))*100, "") | L3: =IFERROR(INDEX('ERP2009'!$A$18:$F$159,MATCH(CRP!$A3,'ERP2009'!$A$18:$A$159,0),MATCH($AC$1,'ERP2009'!$A$18:$F$18,0))*100, "") | M3: =IFERROR(INDEX('ERP2010'!$A$18:$F$159,MATCH(CRP!$A3,'ERP2010'!$A$18:$A$159,0),MATCH($AC$1,'ERP2010'!$A$18:$F$18,0))*100, "") | N3: =IFERROR(INDEX('ERP2011'!$A$18:$F$159,MATCH(CRP!$A3,'ERP2011'!$A$18:$A$159,0),MATCH($AC$1,'ERP2011'!$A$18:$F$18,0))*100, "") | O3: =IFERROR(IFERROR(INDEX('ERP2012'!$A$8:$F$159,MATCH(CRP!$A3,'ERP2012'!$A$8:$A$159,0),MATCH($AC$1,'ERP2012'!$A$7:$F$7,0)),INDEX('ERP2012'!$A$160:$E$184,MATCH(CRP!$A3,'ERP2012'!$A$160:$A$184,0),MATCH($AC$2,'ERP2012'!$A$160:$E$160,0)))*100, "") | P3: =IFERROR(IFERROR(INDEX('ERP2013'!$A$8:$F$159,MATCH(CRP!$A3,'ERP2013'!$A$8:$A$159,0),MATCH($AC$1,'ERP2013'!$A$7:$F$7,0)),INDEX('ERP2013'!$A$160:$E$184,MATCH(CRP!$A3,'ERP2013'!$A$160:$A$184,0),MATCH($AC$2,'ERP2013'!$A$160:$E$160,0)))*100, "") -> 0.75 | Q3: =IFERROR(IFERROR(INDEX('ERP2014'!$A$8:$F$159,MATCH(CRP!$A3,'ERP2014'!$A$8:$A$159,0),MATCH($AC$1,'ERP2014'!$A$7:$F$7,0)),INDEX('ERP2014'!$A$160:$E$184,MATCH(CRP!$A3,'ERP2014'!$A$160:$A$184,0),MATCH($AC$2,'ERP2014'!$A$160:$E$160,0)))*100, "") -> 0.75 | R3: =IFERROR(IFERROR(INDEX('ERP2015'!$A$8:$F$159,MATCH(CRP!$A3,'ERP2015'!$A$8:$A$159,0),MATCH($AC$1,'ERP2015'!$A$7:$F$7,0)),INDEX('ERP2015'!$A$160:$E$184,MATCH(CRP!$A3,'ERP2015'!$A$160:$A$184,0),MATCH($AC$2,'ERP2015'!$A$160:$E$160,0)))*100, "") -> 0.784 | S3: =IFERROR(IFERROR(INDEX('ERP2016'!$A$8:$F$159,MATCH(CRP!$A3,'ERP2016'!$A$8:$A$159,0),MATCH($AC$1,'ERP2016'!$A$7:$F$7,0)),INDEX('ERP2016'!$A$160:$E$184,MATCH(CRP!$A3,'ERP2016'!$A$160:$A$184,0),MATCH($AC$2,'ERP2016'!$A$160:$E$160,0)))*100, "") -> 0.7053128 | T3: =IFERROR(IFERROR(INDEX('ERP2017'!$A$8:$F$159,MATCH(CRP!$A3,'ERP2017'!$A$8:$A$159,0),MATCH($AC$1,'ERP2017'!$A$7:$F$7,0)),INDEX('ERP2017'!$A$160:$E$190,MATCH(CRP!$A3,'ERP2017'!$A$160:$A$190,0),MATCH($AC$2,Table217[#Headers],0)))*100, "") -> 0.57201482 | U3: =IFERROR(IFERROR(INDEX('ERP2018'!$A$8:$F$159,MATCH(CRP!$A3,'ERP2018'!$A$8:$A$159,0),MATCH($AC$1,'ERP2018'!$A$7:$F$7,0)),INDEX('ERP2018'!$A$163:$E$190,MATCH(CRP!$A3,'ERP2018'!$A$163:$A$190,0),MATCH($AC$2,'ERP2018'!$A$163:$E$163,0)))*100, "") -> 0.6886858 | V3: =IFERROR(IFERROR(INDEX('ERP2019'!$A$8:$F$163,MATCH(CRP!$A3,'ERP2019'!$A$8:$A$163,0),MATCH($AC$1,'ERP2019'!$A$7:$F$7,0)),INDEX('ERP2019'!$A$165:$E$190,MATCH(CRP!$A3,'ERP2019'!$A$165:$A$190,0),MATCH($AC$2,'ERP2019'!$A$165:$E$165,0)))*100, "") -> 0.48935841 | W3: =IFERROR(INDEX('ERP2020'!$A$8:$F$165,MATCH(CRP!$A3,'ERP2020'!$A$8:$A$165,0),MATCH($AC$1,'ERP2020'!$A$7:$F$7,0)),INDEX('ERP2020'!$A$166:$E$190,MATCH(CRP!$A3,'ERP2020'!$A$166:$A$190,0),MATCH($AC$2,'ERP2020'!$A$166:$E$166,0)))*100 -> 0.48055029 | X3: =IFERROR(INDEX('ERP2021'!$A$8:$F$165,MATCH(CRP!$A3,'ERP2021'!$A$8:$A$165,0),MATCH($AC$1,'ERP2021'!$A$7:$F$7,0)),INDEX('ERP2021'!$A$166:$E$190,MATCH(CRP!$A3,'ERP2021'!$A$166:$A$190,0),MATCH($AC$2,'ERP2021'!$A$166:$E$166,0)))*100 -> 0.49069012 | Y3: =IFERROR(INDEX('ERP2022'!$A$8:$F$165,MATCH(CRP!$A3,'ERP2022'!$A$8:$A$165,0),MATCH($AC$1,'ERP2022'!$A$7:$F$7,0)),INDEX('ERP2022'!$A$166:$E$190,MATCH(CRP!$A3,'ERP2022'!$A$166:$A$190,0),MATCH($AC$2,'ERP2022'!$A$166:$E$166,0)))*100 -> 0.85200432 | Z3: =IFERROR(INDEX('ERP2023'!$A$8:$F$165,MATCH(CRP!$A3,'ERP2023'!$A$8:$A$165,0),MATCH($AC$1,'ERP2023'!$A$7:$F$7,0)),INDEX('ERP2023'!$A$165:$E$190,MATCH(CRP!$A3,'ERP2023'!$A$165:$A$190,0),MATCH($AC$2,'ERP2023'!$A$165:$E$165,0)))*100 -> 0.7219474 | AA3: =IFERROR(INDEX('ERP2024'!$A$8:$F$165,MATCH(CRP!$A3,'ERP2024'!$A$8:$A$165,0),MATCH($AC$1,'ERP2024'!$A$7:$F$7,0)),INDEX('ERP2024'!$A$166:$E$190,MATCH(CRP!$A3,'ERP2024'!$A$166:$A$190,0),MATCH($AC$2,'ERP2024'!$A$166:$E$166,0)))*100 -> 0.6587888 | AB3: =IFERROR(INDEX('ERP2025'!$A$8:$F$165,MATCH(CRP!$A3,'ERP2025'!$A$8:$A$165,0),MATCH($AC$1,'ERP2025'!$A$7:$F$7,0)),INDEX('ERP2024'!$A$166:$E$190,MATCH(CRP!$A3,'ERP2025'!$A$166:$A$190,0),MATCH($AC$2,'ERP2024'!$A$166:$E$166,0)))*100 -> 0.73024796
A4: Albania | B4: ALB | C4: =IFERROR(INDEX('ERP2000'!$A$18:$F$159,MATCH(CRP!$A4,'ERP2000'!$A$18:$A$159,0),MATCH($AC$1,'ERP2000'!$A$20:$F$20,0))*100, "") | D4: =IFERROR(INDEX('ERP2001'!$A$18:$F$159,MATCH(CRP!$A4,'ERP2001'!$A$18:$A$159,0),MATCH($AC$1,'ERP2001'!$A$20:$F$20,0))*100, "") | E4: =IFERROR(INDEX('ERP2002'!$A$18:$F$159,MATCH(CRP!$A4,'ERP2002'!$A$18:$A$159,0),MATCH($AC$1,'ERP2002'!$A$21:$F$21,0))*100, "") | F4: =IFERROR(INDEX('ERP2003'!$A$18:$F$159,MATCH(CRP!$A4,'ERP2003'!$A$18:$A$159,0),MATCH($AC$1,'ERP2003'!$A$21:$F$21,0))*100, "") | G4: =IFERROR(INDEX('ERP2004'!$A$18:$F$159,MATCH(CRP!$A4,'ERP2004'!$A$18:$A$159,0),MATCH($AC$1,'ERP2004'!$A$21:$F$21,0))*100, "") | H4: =IFERROR(INDEX('ERP2005'!$A$18:$F$159,MATCH(CRP!$A4,'ERP2005'!$A$18:$A$159,0),MATCH($AC$1,'ERP2005'!$A$21:$F$21,0))*100, "") | I4: =IFERROR(INDEX('ERP2006'!$A$18:$F$159,MATCH(CRP!$A4,'ERP2006'!$A$18:$A$159,0),MATCH($AC$1,'ERP2006'!$A$21:$F$21,0))*100, "") | J4: =IFERROR(INDEX('ERP2007'!$A$18:$F$159,MATCH(CRP!$A4,'ERP2007'!$A$18:$A$159,0),MATCH($AC$1,'ERP2007'!$A$21:$F$21,0))*100, "") -> 5.25 | K4: =IFERROR(INDEX('ERP2008'!$A$18:$F$159,MATCH(CRP!$A4,'ERP2008'!$A$18:$A$159,0),MATCH($AC$1,'ERP2008'!$A$21:$F$21,0))*100, "") -> 9.75 | L4: =IFERROR(INDEX('ERP2009'!$A$18:$F$159,MATCH(CRP!$A4,'ERP2009'!$A$18:$A$159,0),MATCH($AC$1,'ERP2009'!$A$18:$F$18,0))*100, "") -> 6.75 | M4: =IFERROR(INDEX('ERP2010'!$A$18:$F$159,MATCH(CRP!$A4,'ERP2010'!$A$18:$A$159,0),MATCH($AC$1,'ERP2010'!$A$18:$F$18,0))*100, "") -> 6 | N4: =IFERROR(INDEX('ERP2011'!$A$18:$F$159,MATCH(CRP!$A4,'ERP2011'!$A$18:$A$159,0),MATCH($AC$1,'ERP2011'!$A$18:$F$18,0))*100, "") -> 6 | O4: =IFERROR(IFERROR(INDEX('ERP2012'!$A$8:$F$159,MATCH(CRP!$A4,'ERP2012'!$A$8:$A$159,0),MATCH($AC$1,'ERP2012'!$A$7:$F$7,0)),INDEX('ERP2012'!$A$160:$E$184,MATCH(CRP!$A4,'ERP2012'!$A$160:$A$184,0),MATCH($AC$2,'ERP2012'!$A$160:$E$160,0)))*100, "") -> 6 | P4: =IFERROR(IFERROR(INDEX('ERP2013'!$A$8:$F$159,MATCH(CRP!$A4,'ERP2013'!$A$8:$A$159,0),MATCH($AC$1,'ERP2013'!$A$7:$F$7,0)),INDEX('ERP2013'!$A$160:$E$184,MATCH(CRP!$A4,'ERP2013'!$A$160:$A$184,0),MATCH($AC$2,'ERP2013'!$A$160:$E$160,0)))*100, "") -> 6.75 | Q4: =IFERROR(IFERROR(INDEX('ERP2014'!$A$8:$F$159,MATCH(CRP!$A4,'ERP2014'!$A$8:$A$159,0),MATCH($AC$1,'ERP2014'!$A$7:$F$7,0)),INDEX('ERP2014'!$A$160:$E$184,MATCH(CRP!$A4,'ERP2014'!$A$160:$A$184,0),MATCH($AC$2,'ERP2014'!$A$160:$E$160,0)))*100, "") -> 6.75 | R4: =IFERROR(IFERROR(INDEX('ERP2015'!$A$8:$F$159,MATCH(CRP!$A4,'ERP2015'!$A$8:$A$159,0),MATCH($AC$1,'ERP2015'!$A$7:$F$7,0)),INDEX('ERP2015'!$A$160:$E$184,MATCH(CRP!$A4,'ERP2015'!$A$160:$A$184,0),MATCH($AC$2,'ERP2015'!$A$160:$E$160,0)))*100, "") -> 7.07 | S4: =IFERROR(IFERROR(INDEX('ERP2016'!$A$8:$F$159,MATCH(CRP!$A4,'ERP2016'!$A$8:$A$159,0),MATCH($AC$1,'ERP2016'!$A$7:$F$7,0)),INDEX('ERP2016'!$A$160:$E$184,MATCH(CRP!$A4,'ERP2016'!$A$160:$A$184,0),MATCH($AC$2,'ERP2016'!$A$160:$E$160,0)))*100, "") -> 6.3991107 | T4: =IFERROR(IFERROR(INDEX('ERP2017'!$A$8:$F$159,MATCH(CRP!$A4,'ERP2017'!$A$8:$A$159,0),MATCH($AC$1,'ERP2017'!$A$7:$F$7,0)),INDEX('ERP2017'!$A$160:$E$190,MATCH(CRP!$A4,'ERP2017'!$A$160:$A$190,0),MATCH($AC$2,Table217[#Headers],0)))*100, "") -> 5.1897345 | U4: =IFERROR(IFERROR(INDEX('ERP2018'!$A$8:$F$159,MATCH(CRP!$A4,'ERP2018'!$A$8:$A$159,0),MATCH($AC$1,'ERP2018'!$A$7:$F$7,0)),INDEX('ERP2018'!$A$163:$E$190,MATCH(CRP!$A4,'ERP2018'!$A$163:$A$190,0),MATCH($AC$2,'ERP2018'!$A$163:$E$163,0)))*100, "") -> 6.2482584 | V4: =IFERROR(IFERROR(INDEX('ERP2019'!$A$8:$F$163,MATCH(CRP!$A4,'ERP2019'!$A$8:$A$163,0),MATCH($AC$1,'ERP2019'!$A$7:$F$7,0)),INDEX('ERP2019'!$A$165:$E$190,MATCH(CRP!$A4,'ERP2019'!$A$165:$A$190,0),MATCH($AC$2,'ERP2019'!$A$165:$E$165,0)))*100, "") -> 4.4398154 | W4: =IFERROR(INDEX('ERP2020'!$A$8:$F$165,MATCH(CRP!$A4,'ERP2020'!$A$8:$A$165,0),MATCH($AC$1,'ERP2020'!$A$7:$F$7,0)),INDEX('ERP2020'!$A$166:$E$190,MATCH(CRP!$A4,'ERP2020'!$A$166:$A$190,0),MATCH($AC$2,'ERP2020'!$A$166:$E$166,0)))*100 -> 4.3599017 | X4: =IFERROR(INDEX('ERP2021'!$A$8:$F$165,MATCH(CRP!$A4,'ERP2021'!$A$8:$A$165,0),MATCH($AC$1,'ERP2021'!$A$7:$F$7,0)),INDEX('ERP2021'!$A$166:$E$190,MATCH(CRP!$A4,'ERP2021'!$A$166:$A$190,0),MATCH($AC$2,'ERP2021'!$A$166:$E$166,0)))*100 -> 4.4518977 | Y4: =IFERROR(INDEX('ERP2022'!$A$8:$F$165,MATCH(CRP!$A4,'ERP2022'!$A$8:$A$165,0),MATCH($AC$1,'ERP2022'!$A$7:$F$7,0)),INDEX('ERP2022'!$A$166:$E$190,MATCH(CRP!$A4,'ERP2022'!$A$166:$A$190,0),MATCH($AC$2,'ERP2022'!$A$166:$E$166,0)))*100 -> 7.7694679 | Z4: =IFERROR(INDEX('ERP2023'!$A$8:$F$165,MATCH(CRP!$A4,'ERP2023'!$A$8:$A$165,0),MATCH($AC$1,'ERP2023'!$A$7:$F$7,0)),INDEX('ERP2023'!$A$165:$E$190,MATCH(CRP!$A4,'ERP2023'!$A$165:$A$190,0),MATCH($AC$2,'ERP2023'!$A$165:$E$165,0)))*100 -> 6.5834727 | AA4: =IFERROR(INDEX('ERP2024'!$A$8:$F$165,MATCH(CRP!$A4,'ERP2024'!$A$8:$A$165,0),MATCH($AC$1,'ERP2024'!$A$7:$F$7,0)),INDEX('ERP2024'!$A$166:$E$190,MATCH(CRP!$A4,'ERP2024'!$A$166:$A$190,0),MATCH($AC$2,'ERP2024'!$A$166:$E$166,0)))*100 -> 4.7997469 | AB4: =IFERROR(INDEX('ERP2025'!$A$8:$F$165,MATCH(CRP!$A4,'ERP2025'!$A$8:$A$165,0),MATCH($AC$1,'ERP2025'!$A$7:$F$7,0)),INDEX('ERP2024'!$A$166:$E$190,MATCH(CRP!$A4,'ERP2025'!$A$166:$A$190,0),MATCH($AC$2,'ERP2024'!$A$166:$E$166,0)))*100 -> 5.320378
A5: Andorra (Principality of) | B5: AND | C5: =IFERROR(INDEX('ERP2000'!$A$18:$F$159,MATCH(CRP!$A5,'ERP2000'!$A$18:$A$159,0),MATCH($AC$1,'ERP2000'!$A$20:$F$20,0))*100, "") | D5: =IFERROR(INDEX('ERP2001'!$A$18:$F$159,MATCH(CRP!$A5,'ERP2001'!$A$18:$A$159,0),MATCH($AC$1,'ERP2001'!$A$20:$F$20,0))*100, "") | E5: =IFERROR(INDEX('ERP2002'!$A$18:$F$159,MATCH(CRP!$A5,'ERP2002'!$A$18:$A$159,0),MATCH($AC$1,'ERP2002'!$A$21:$F$21,0))*100, "") | F5: =IFERROR(INDEX('ERP2003'!$A$18:$F$159,MATCH(CRP!$A5,'ERP2003'!$A$18:$A$159,0),MATCH($AC$1,'ERP2003'!$A$21:$F$21,0))*100, "") | G5: =IFERROR(INDEX('ERP2004'!$A$18:$F$159,MATCH(CRP!$A5,'ERP2004'!$A$18:$A$159,0),MATCH($AC$1,'ERP2004'!$A$21:$F$21,0))*100, "") | H5: =IFERROR(INDEX('ERP2005'!$A$18:$F$159,MATCH(CRP!$A5,'ERP2005'!$A$18:$A$159,0),MATCH($AC$1,'ERP2005'!$A$21:$F$21,0))*100, "") | I5: =IFERROR(INDEX('ERP2006'!$A$18:$F$159,MATCH(CRP!$A5,'ERP2006'!$A$18:$A$159,0),MATCH($AC$1,'ERP2006'!$A$21:$F$21,0))*100, "") | J5: =IFERROR(INDEX('ERP2007'!$A$18:$F$159,MATCH(CRP!$A5,'ERP2007'!$A$18:$A$159,0),MATCH($AC$1,'ERP2007'!$A$21:$F$21,0))*100, "") | K5: =IFERROR(INDEX('ERP2008'!$A$18:$F$159,MATCH(CRP!$A5,'ERP2008'!$A$18:$A$159,0),MATCH($AC$1,'ERP2008'!$A$21:$F$21,0))*100, "") | L5: =IFERROR(INDEX('ERP2009'!$A$18:$F$159,MATCH(CRP!$A5,'ERP2009'!$A$18:$A$159,0),MATCH($AC$1,'ERP2009'!$A$18:$F$18,0))*100, "") | M5: =IFERROR(INDEX('ERP2010'!$A$18:$F$159,MATCH(CRP!$A5,'ERP2010'!$A$18:$A$159,0),MATCH($AC$1,'ERP2010'!$A$18:$F$18,0))*100, "") | N5: =IFERROR(INDEX('ERP2011'!$A$18:$F$159,MATCH(CRP!$A5,'ERP2011'!$A$18:$A$159,0),MATCH($AC$1,'ERP2011'!$A$18:$F$18,0))*100, "") | O5: =IFERROR(IFERROR(INDEX('ERP2012'!$A$8:$F$159,MATCH(CRP!$A5,'ERP2012'!$A$8:$A$159,0),MATCH($AC$1,'ERP2012'!$A$7:$F$7,0)),INDEX('ERP2012'!$A$160:$E$184,MATCH(CRP!$A5,'ERP2012'!$A$160:$A$184,0),MATCH($AC$2,'ERP2012'!$A$160:$E$160,0)))*100, "") | P5: =IFERROR(IFERROR(INDEX('ERP2013'!$A$8:$F$159,MATCH(CRP!$A5,'ERP2013'!$A$8:$A$159,0),MATCH($AC$1,'ERP2013'!$A$7:$F$7,0)),INDEX('ERP2013'!$A$160:$E$184,MATCH(CRP!$A5,'ERP2013'!$A$160:$A$184,0),MATCH($AC$2,'ERP2013'!$A$160:$E$160,0)))*100, "") | Q5: =IFERROR(IFERROR(INDEX('ERP2014'!$A$8:$F$159,MATCH(CRP!$A5,'ERP2014'!$A$8:$A$159,0),MATCH($AC$1,'ERP2014'!$A$7:$F$7,0)),INDEX('ERP2014'!$A$160:$E$184,MATCH(CRP!$A5,'ERP2014'!$A$160:$A$184,0),MATCH($AC$2,'ERP2014'!$A$160:$E$160,0)))*100, "") -> 2.4 | R5: =IFERROR(IFERROR(INDEX('ERP2015'!$A$8:$F$159,MATCH(CRP!$A5,'ERP2015'!$A$8:$A$159,0),MATCH($AC$1,'ERP2015'!$A$7:$F$7,0)),INDEX('ERP2015'!$A$160:$E$184,MATCH(CRP!$A5,'ERP2015'!$A$160:$A$184,0),MATCH($AC$2,'ERP2015'!$A$160:$E$160,0)))*100, "") -> 3.458 | S5: =IFERROR(IFERROR(INDEX('ERP2016'!$A$8:$F$159,MATCH(CRP!$A5,'ERP2016'!$A$8:$A$159,0),MATCH($AC$1,'ERP2016'!$A$7:$F$7,0)),INDEX('ERP2016'!$A$160:$E$184,MATCH(CRP!$A5,'ERP2016'!$A$160:$A$184,0),MATCH($AC$2,'ERP2016'!$A$160:$E$160,0)))*100, "") -> 3.1290241 | T5: =IFERROR(IFERROR(INDEX('ERP2017'!$A$8:$F$159,MATCH(CRP!$A5,'ERP2017'!$A$8:$A$159,0),MATCH($AC$1,'ERP2017'!$A$7:$F$7,0)),INDEX('ERP2017'!$A$160:$E$190,MATCH(CRP!$A5,'ERP2017'!$A$160:$A$190,0),MATCH($AC$2,Table217[#Headers],0)))*100, "") -> 2.1944569 | U5: =IFERROR(IFERROR(INDEX('ERP2018'!$A$8:$F$159,MATCH(CRP!$A5,'ERP2018'!$A$8:$A$159,0),MATCH($AC$1,'ERP2018'!$A$7:$F$7,0)),INDEX('ERP2018'!$A$163:$E$190,MATCH(CRP!$A5,'ERP2018'!$A$163:$A$190,0),MATCH($AC$2,'ERP2018'!$A$163:$E$163,0)))*100, "") -> 2.6420491 | V5: =IFERROR(IFERROR(INDEX('ERP2019'!$A$8:$F$163,MATCH(CRP!$A5,'ERP2019'!$A$8:$A$163,0),MATCH($AC$1,'ERP2019'!$A$7:$F$7,0)),INDEX('ERP2019'!$A$165:$E$190,MATCH(CRP!$A5,'ERP2019'!$A$165:$A$190,0),MATCH($AC$2,'ERP2019'!$A$165:$E$165,0)))*100, "") -> 1.8773568 | W5: =IFERROR(INDEX('ERP2020'!$A$8:$F$165,MATCH(CRP!$A5,'ERP2020'!$A$8:$A$165,0),MATCH($AC$1,'ERP2020'!$A$7:$F$7,0)),INDEX('ERP2020'!$A$166:$E$190,MATCH(CRP!$A5,'ERP2020'!$A$166:$A$190,0),MATCH($AC$2,'ERP2020'!$A$166:$E$166,0)))*100 -> 7.260678 | X5: =IFERROR(INDEX('ERP2021'!$A$8:$F$165,MATCH(CRP!$A5,'ERP2021'!$A$8:$A$165,0),MATCH($AC$1,'ERP2021'!$A$7:$F$7,0)),INDEX('ERP2021'!$A$166:$E$190,MATCH(CRP!$A5,'ERP2021'!$A$166:$A$190,0),MATCH($AC$2,'ERP2021'!$A$166:$E$166,0)))*100 -> 1.8824657 | Y5: =IFERROR(INDEX('ERP2022'!$A$8:$F$165,MATCH(CRP!$A5,'ERP2022'!$A$8:$A$165,0),MATCH($AC$1,'ERP2022'!$A$7:$F$7,0)),INDEX('ERP2022'!$A$166:$E$190,MATCH(CRP!$A5,'ERP2022'!$A$166:$A$190,0),MATCH($AC$2,'ERP2022'!$A$166:$E$166,0)))*100 -> 3.2863024 | Z5: =IFERROR(INDEX('ERP2023'!$A$8:$F$165,MATCH(CRP!$A5,'ERP2023'!$A$8:$A$165,0),MATCH($AC$1,'ERP2023'!$A$7:$F$7,0)),INDEX('ERP2023'!$A$165:$E$190,MATCH(CRP!$A5,'ERP2023'!$A$165:$A$190,0),MATCH($AC$2,'ERP2023'!$A$165:$E$165,0)))*100 -> 2.7846543 | AA5: =IFERROR(INDEX('ERP2024'!$A$8:$F$165,MATCH(CRP!$A5,'ERP2024'!$A$8:$A$165,0),MATCH($AC$1,'ERP2024'!$A$7:$F$7,0)),INDEX('ERP2024'!$A$166:$E$190,MATCH(CRP!$A5,'ERP2024'!$A$166:$A$190,0),MATCH($AC$2,'ERP2024'!$A$166:$E$166,0)))*100 -> 2.1332209 | AB5: =IFERROR(INDEX('ERP2025'!$A$8:$F$165,MATCH(CRP!$A5,'ERP2025'!$A$8:$A$165,0),MATCH($AC$1,'ERP2025'!$A$7:$F$7,0)),INDEX('ERP2024'!$A$166:$E$190,MATCH(CRP!$A5,'ERP2025'!$A$166:$A$190,0),MATCH($AC$2,'ERP2024'!$A$166:$E$166,0)))*100 -> 2.3646125
A6: Angola | B6: AGO | C6: =IFERROR(INDEX('ERP2000'!$A$18:$F$159,MATCH(CRP!$A6,'ERP2000'!$A$18:$A$159,0),MATCH($AC$1,'ERP2000'!$A$20:$F$20,0))*100, "") | D6: =IFERROR(INDEX('ERP2001'!$A$18:$F$159,MATCH(CRP!$A6,'ERP2001'!$A$18:$A$159,0),MATCH($AC$1,'ERP2001'!$A$20:$F$20,0))*100, "") | E6: =IFERROR(INDEX('ERP2002'!$A$18:$F$159,MATCH(CRP!$A6,'ERP2002'!$A$18:$A$159,0),MATCH($AC$1,'ERP2002'!$A$21:$F$21,0))*100, "") | F6: =IFERROR(INDEX('ERP2003'!$A$18:$F$159,MATCH(CRP!$A6,'ERP2003'!$A$18:$A$159,0),MATCH($AC$1,'ERP2003'!$A$21:$F$21,0))*100, "") | G6: =IFERROR(INDEX('ERP2004'!$A$18:$F$159,MATCH(CRP!$A6,'ERP2004'!$A$18:$A$159,0),MATCH($AC$1,'ERP2004'!$A$21:$F$21,0))*100, "") | H6: =IFERROR(INDEX('ERP2005'!$A$18:$F$159,MATCH(CRP!$A6,'ERP2005'!$A$18:$A$159,0),MATCH($AC$1,'ERP2005'!$A$21:$F$21,0))*100, "") | I6: =IFERROR(INDEX('ERP2006'!$A$18:$F$159,MATCH(CRP!$A6,'ERP2006'!$A$18:$A$159,0),MATCH($AC$1,'ERP2006'!$A$21:$F$21,0))*100, "") | J6: =IFERROR(INDEX('ERP2007'!$A$18:$F$159,MATCH(CRP!$A6,'ERP2007'!$A$18:$A$159,0),MATCH($AC$1,'ERP2007'!$A$21:$F$21,0))*100, "") | K6: =IFERROR(INDEX('ERP2008'!$A$18:$F$159,MATCH(CRP!$A6,'ERP2008'!$A$18:$A$159,0),MATCH($AC$1,'ERP2008'!$A$21:$F$21,0))*100, "") | L6: =IFERROR(INDEX('ERP2009'!$A$18:$F$159,MATCH(CRP!$A6,'ERP2009'!$A$18:$A$159,0),MATCH($AC$1,'ERP2009'!$A$18:$F$18,0))*100, "") | M6: =IFERROR(INDEX('ERP2010'!$A$18:$F$159,MATCH(CRP!$A6,'ERP2010'!$A$18:$A$159,0),MATCH($AC$1,'ERP2010'!$A$18:$F$18,0))*100, "") -> 6 | N6: =IFERROR(INDEX('ERP2011'!$A$18:$F$159,MATCH(CRP!$A6,'ERP2011'!$A$18:$A$159,0),MATCH($AC$1,'ERP2011'!$A$18:$F$18,0))*100, "") -> 4.875 | O6: =IFERROR(IFERROR(INDEX('ERP2012'!$A$8:$F$159,MATCH(CRP!$A6,'ERP2012'!$A$8:$A$159,0),MATCH($AC$1,'ERP2012'!$A$7:$F$7,0)),INDEX('ERP2012'!$A$160:$E$184,MATCH(CRP!$A6,'ERP2012'!$A$160:$A$184,0),MATCH($AC$2,'ERP2012'!$A$160:$E$160,0)))*100, "") -> 4.875 | P6: =IFERROR(IFERROR(INDEX('ERP2013'!$A$8:$F$159,MATCH(CRP!$A6,'ERP2013'!$A$8:$A$159,0),MATCH($AC$1,'ERP2013'!$A$7:$F$7,0)),INDEX('ERP2013'!$A$160:$E$184,MATCH(CRP!$A6,'ERP2013'!$A$160:$A$184,0),MATCH($AC$2,'ERP2013'!$A$160:$E$160,0)))*100, "") -> 5.4 | Q6: =IFERROR(IFERROR(INDEX('ERP2014'!$A$8:$F$159,MATCH(CRP!$A6,'ERP2014'!$A$8:$A$159,0),MATCH($AC$1,'ERP2014'!$A$7:$F$7,0)),INDEX('ERP2014'!$A$160:$E$184,MATCH(CRP!$A6,'ERP2014'!$A$160:$A$184,0),MATCH($AC$2,'ERP2014'!$A$160:$E$160,0)))*100, "") -> 4.5 | R6: =IFERROR(IFERROR(INDEX('ERP2015'!$A$8:$F$159,MATCH(CRP!$A6,'ERP2015'!$A$8:$A$159,0),MATCH($AC$1,'ERP2015'!$A$7:$F$7,0)),INDEX('ERP2015'!$A$160:$E$184,MATCH(CRP!$A6,'ERP2015'!$A$160:$A$184,0),MATCH($AC$2,'ERP2015'!$A$160:$E$160,0)))*100, "") -> 7.07 | S6: =IFERROR(IFERROR(INDEX('ERP2016'!$A$8:$F$159,MATCH(CRP!$A6,'ERP2016'!$A$8:$A$159,0),MATCH($AC$1,'ERP2016'!$A$7:$F$7,0)),INDEX('ERP2016'!$A$160:$E$184,MATCH(CRP!$A6,'ERP2016'!$A$160:$A$184,0),MATCH($AC$2,'ERP2016'!$A$160:$E$160,0)))*100, "") -> 6.3991107 | T6: =IFERROR(IFERROR(INDEX('ERP2017'!$A$8:$F$159,MATCH(CRP!$A6,'ERP2017'!$A$8:$A$159,0),MATCH($AC$1,'ERP2017'!$A$7:$F$7,0)),INDEX('ERP2017'!$A$160:$E$190,MATCH(CRP!$A6,'ERP2017'!$A$160:$A$190,0),MATCH($AC$2,Table217[#Headers],0)))*100, "") -> 6.3441644 | U6: =IFERROR(IFERROR(INDEX('ERP2018'!$A$8:$F$159,MATCH(CRP!$A6,'ERP2018'!$A$8:$A$159,0),MATCH($AC$1,'ERP2018'!$A$7:$F$7,0)),INDEX('ERP2018'!$A$163:$E$190,MATCH(CRP!$A6,'ERP2018'!$A$163:$A$190,0),MATCH($AC$2,'ERP2018'!$A$163:$E$163,0)))*100, "") -> 9.0280447 | V6: =IFERROR(IFERROR(INDEX('ERP2019'!$A$8:$F$163,MATCH(CRP!$A6,'ERP2019'!$A$8:$A$163,0),MATCH($AC$1,'ERP2019'!$A$7:$F$7,0)),INDEX('ERP2019'!$A$165:$E$190,MATCH(CRP!$A6,'ERP2019'!$A$165:$A$190,0),MATCH($AC$2,'ERP2019'!$A$165:$E$165,0)))*100, "") -> 6.4150439 | W6: =IFERROR(INDEX('ERP2020'!$A$8:$F$165,MATCH(CRP!$A6,'ERP2020'!$A$8:$A$165,0),MATCH($AC$1,'ERP2020'!$A$7:$F$7,0)),INDEX('ERP2020'!$A$166:$E$190,MATCH(CRP!$A6,'ERP2020'!$A$166:$A$190,0),MATCH($AC$2,'ERP2020'!$A$166:$E$166,0)))*100 -> 7.260678 | X6: =IFERROR(INDEX('ERP2021'!$A$8:$F$165,MATCH(CRP!$A6,'ERP2021'!$A$8:$A$165,0),MATCH($AC$1,'ERP2021'!$A$7:$F$7,0)),INDEX('ERP2021'!$A$166:$E$190,MATCH(CRP!$A6,'ERP2021'!$A$166:$A$190,0),MATCH($AC$2,'ERP2021'!$A$166:$E$166,0)))*100 -> 6.4325014 | Y6: =IFERROR(INDEX('ERP2022'!$A$8:$F$165,MATCH(CRP!$A6,'ERP2022'!$A$8:$A$165,0),MATCH($AC$1,'ERP2022'!$A$7:$F$7,0)),INDEX('ERP2022'!$A$166:$E$190,MATCH(CRP!$A6,'ERP2022'!$A$166:$A$190,0),MATCH($AC$2,'ERP2022'!$A$166:$E$166,0)))*100 -> 11.218057 | Z6: =IFERROR(INDEX('ERP2023'!$A$8:$F$165,MATCH(CRP!$A6,'ERP2023'!$A$8:$A$165,0),MATCH($AC$1,'ERP2023'!$A$7:$F$7,0)),INDEX('ERP2023'!$A$165:$E$190,MATCH(CRP!$A6,'ERP2023'!$A$165:$A$190,0),MATCH($AC$2,'ERP2023'!$A$165:$E$165,0)))*100 -> 9.5056408 | AA6: =IFERROR(INDEX('ERP2024'!$A$8:$F$165,MATCH(CRP!$A6,'ERP2024'!$A$8:$A$165,0),MATCH($AC$1,'ERP2024'!$A$7:$F$7,0)),INDEX('ERP2024'!$A$166:$E$190,MATCH(CRP!$A6,'ERP2024'!$A$166:$A$190,0),MATCH($AC$2,'ERP2024'!$A$166:$E$166,0)))*100 -> 8.6740525 | AB6: =IFERROR(INDEX('ERP2025'!$A$8:$F$165,MATCH(CRP!$A6,'ERP2025'!$A$8:$A$165,0),MATCH($AC$1,'ERP2025'!$A$7:$F$7,0)),INDEX('ERP2024'!$A$166:$E$190,MATCH(CRP!$A6,'ERP2025'!$A$166:$A$190,0),MATCH($AC$2,'ERP2024'!$A$166:$E$166,0)))*100 -> 9.6149315
A7: Argentina | B7: ARG | C7: =IFERROR(INDEX('ERP2000'!$A$18:$F$159,MATCH(CRP!$A7,'ERP2000'!$A$18:$A$159,0),MATCH($AC$1,'ERP2000'!$A$20:$F$20,0))*100, "") -> 11.25 | D7: =IFERROR(INDEX('ERP2001'!$A$18:$F$159,MATCH(CRP!$A7,'ERP2001'!$A$18:$A$159,0),MATCH($AC$1,'ERP2001'!$A$20:$F$20,0))*100, "") -> 13.5 | E7: =IFERROR(INDEX('ERP2002'!$A$18:$F$159,MATCH(CRP!$A7,'ERP2002'!$A$18:$A$159,0),MATCH($AC$1,'ERP2002'!$A$21:$F$21,0))*100, "") -> 13.5 | F7: =IFERROR(INDEX('ERP2003'!$A$18:$F$159,MATCH(CRP!$A7,'ERP2003'!$A$18:$A$159,0),MATCH($AC$1,'ERP2003'!$A$21:$F$21,0))*100, "") -> 12.75 | G7: =IFERROR(INDEX('ERP2004'!$A$18:$F$159,MATCH(CRP!$A7,'ERP2004'!$A$18:$A$159,0),MATCH($AC$1,'ERP2004'!$A$21:$F$21,0))*100, "") -> 12.75 | H7: =IFERROR(INDEX('ERP2005'!$A$18:$F$159,MATCH(CRP!$A7,'ERP2005'!$A$18:$A$159,0),MATCH($AC$1,'ERP2005'!$A$21:$F$21,0))*100, "") -> 9 | I7: =IFERROR(INDEX('ERP2006'!$A$18:$F$159,MATCH(CRP!$A7,'ERP2006'!$A$18:$A$159,0),MATCH($AC$1,'ERP2006'!$A$21:$F$21,0))*100, "") -> 6.75 | J7: =IFERROR(INDEX('ERP2007'!$A$18:$F$159,MATCH(CRP!$A7,'ERP2007'!$A$18:$A$159,0),MATCH($AC$1,'ERP2007'!$A$21:$F$21,0))*100, "") -> 6.75 | K7: =IFERROR(INDEX('ERP2008'!$A$18:$F$159,MATCH(CRP!$A7,'ERP2008'!$A$18:$A$159,0),MATCH($AC$1,'ERP2008'!$A$21:$F$21,0))*100, "") -> 13.5 | L7: =IFERROR(INDEX('ERP2009'!$A$18:$F$159,MATCH(CRP!$A7,'ERP2009'!$A$18:$A$159,0),MATCH($AC$1,'ERP2009'!$A$18:$F$18,0))*100, "") -> 9.75 | M7: =IFERROR(INDEX('ERP2010'!$A$18:$F$159,MATCH(CRP!$A7,'ERP2010'!$A$18:$A$159,0),MATCH($AC$1,'ERP2010'!$A$18:$F$18,0))*100, "") -> 9 | N7: =IFERROR(INDEX('ERP2011'!$A$18:$F$159,MATCH(CRP!$A7,'ERP2011'!$A$18:$A$159,0),MATCH($AC$1,'ERP2011'!$A$18:$F$18,0))*100, "") -> 9 | O7: =IFERROR(IFERROR(INDEX('ERP2012'!$A$8:$F$159,MATCH(CRP!$A7,'ERP2012'!$A$8:$A$159,0),MATCH($AC$1,'ERP2012'!$A$7:$F$7,0)),INDEX('ERP2012'!$A$160:$E$184,MATCH(CRP!$A7,'ERP2012'!$A$160:$A$184,0),MATCH($AC$2,'ERP2012'!$A$160:$E$160,0)))*100, "") -> 9 | P7: =IFERROR(IFERROR(INDEX('ERP2013'!$A$8:$F$159,MATCH(CRP!$A7,'ERP2013'!$A$8:$A$159,0),MATCH($AC$1,'ERP2013'!$A$7:$F$7,0)),INDEX('ERP2013'!$A$160:$E$184,MATCH(CRP!$A7,'ERP2013'!$A$160:$A$184,0),MATCH($AC$2,'ERP2013'!$A$160:$E$160,0)))*100, "") -> 9.75 | Q7: =IFERROR(IFERROR(INDEX('ERP2014'!$A$8:$F$159,MATCH(CRP!$A7,'ERP2014'!$A$8:$A$159,0),MATCH($AC$1,'ERP2014'!$A$7:$F$7,0)),INDEX('ERP2014'!$A$160:$E$184,MATCH(CRP!$A7,'ERP2014'!$A$160:$A$184,0),MATCH($AC$2,'ERP2014'!$A$160:$E$160,0)))*100, "") -> 11.25 | R7: =IFERROR(IFERROR(INDEX('ERP2015'!$A$8:$F$159,MATCH(CRP!$A7,'ERP2015'!$A$8:$A$159,0),MATCH($AC$1,'ERP2015'!$A$7:$F$7,0)),INDEX('ERP2015'!$A$160:$E$184,MATCH(CRP!$A7,'ERP2015'!$A$160:$A$184,0),MATCH($AC$2,'ERP2015'!$A$160:$E$160,0)))*100, "") -> 10.206 | S7: =IFERROR(IFERROR(INDEX('ERP2016'!$A$8:$F$159,MATCH(CRP!$A7,'ERP2016'!$A$8:$A$159,0),MATCH($AC$1,'ERP2016'!$A$7:$F$7,0)),INDEX('ERP2016'!$A$160:$E$184,MATCH(CRP!$A7,'ERP2016'!$A$160:$A$184,0),MATCH($AC$2,'ERP2016'!$A$160:$E$160,0)))*100, "") -> 9.2460096 | T7: =IFERROR(IFERROR(INDEX('ERP2017'!$A$8:$F$159,MATCH(CRP!$A7,'ERP2017'!$A$8:$A$159,0),MATCH($AC$1,'ERP2017'!$A$7:$F$7,0)),INDEX('ERP2017'!$A$160:$E$190,MATCH(CRP!$A7,'ERP2017'!$A$160:$A$190,0),MATCH($AC$2,Table217[#Headers],0)))*100, "") -> 6.3441644 | U7: =IFERROR(IFERROR(INDEX('ERP2018'!$A$8:$F$159,MATCH(CRP!$A7,'ERP2018'!$A$8:$A$159,0),MATCH($AC$1,'ERP2018'!$A$7:$F$7,0)),INDEX('ERP2018'!$A$163:$E$190,MATCH(CRP!$A7,'ERP2018'!$A$163:$A$190,0),MATCH($AC$2,'ERP2018'!$A$163:$E$163,0)))*100, "") -> 7.6381516 | V7: =IFERROR(IFERROR(INDEX('ERP2019'!$A$8:$F$163,MATCH(CRP!$A7,'ERP2019'!$A$8:$A$163,0),MATCH($AC$1,'ERP2019'!$A$7:$F$7,0)),INDEX('ERP2019'!$A$165:$E$190,MATCH(CRP!$A7,'ERP2019'!$A$165:$A$190,0),MATCH($AC$2,'ERP2019'!$A$165:$E$165,0)))*100, "") -> 8.8796309 | W7: =IFERROR(INDEX('ERP2020'!$A$8:$F$165,MATCH(CRP!$A7,'ERP2020'!$A$8:$A$165,0),MATCH($AC$1,'ERP2020'!$A$7:$F$7,0)),INDEX('ERP2020'!$A$166:$E$190,MATCH(CRP!$A7,'ERP2020'!$A$166:$A$190,0),MATCH($AC$2,'ERP2020'!$A$166:$E$166,0)))*100 -> 11.62058 | X7: =IFERROR(INDEX('ERP2021'!$A$8:$F$165,MATCH(CRP!$A7,'ERP2021'!$A$8:$A$165,0),MATCH($AC$1,'ERP2021'!$A$7:$F$7,0)),INDEX('ERP2021'!$A$166:$E$190,MATCH(CRP!$A7,'ERP2021'!$A$166:$A$190,0),MATCH($AC$2,'ERP2021'!$A$166:$E$166,0)))*100 -> 11.865779 | Y7: =IFERROR(INDEX('ERP2022'!$A$8:$F$165,MATCH(CRP!$A7,'ERP2022'!$A$8:$A$165,0),MATCH($AC$1,'ERP2022'!$A$7:$F$7,0)),INDEX('ERP2022'!$A$166:$E$190,MATCH(CRP!$A7,'ERP2022'!$A$166:$A$190,0),MATCH($AC$2,'ERP2022'!$A$166:$E$166,0)))*100 -> 20.711819 | Z7: =IFERROR(INDEX('ERP2023'!$A$8:$F$165,MATCH(CRP!$A7,'ERP2023'!$A$8:$A$165,0),MATCH($AC$1,'ERP2023'!$A$7:$F$7,0)),INDEX('ERP2023'!$A$165:$E$190,MATCH(CRP!$A7,'ERP2023'!$A$165:$A$190,0),MATCH($AC$2,'ERP2023'!$A$165:$E$165,0)))*100 -> 17.550198 | AA7: =IFERROR(INDEX('ERP2024'!$A$8:$F$165,MATCH(CRP!$A7,'ERP2024'!$A$8:$A$165,0),MATCH($AC$1,'ERP2024'!$A$7:$F$7,0)),INDEX('ERP2024'!$A$166:$E$190,MATCH(CRP!$A7,'ERP2024'!$A$166:$A$190,0),MATCH($AC$2,'ERP2024'!$A$166:$E$166,0)))*100 -> 16.014842 | AB7: =IFERROR(INDEX('ERP2025'!$A$8:$F$165,MATCH(CRP!$A7,'ERP2025'!$A$8:$A$165,0),MATCH($AC$1,'ERP2025'!$A$7:$F$7,0)),INDEX('ERP2024'!$A$166:$E$190,MATCH(CRP!$A7,'ERP2025'!$A$166:$A$190,0),MATCH($AC$2,'ERP2024'!$A$166:$E$166,0)))*100 -> 14.796215
A8: Armenia | B8: ARM | C8: =IFERROR(INDEX('ERP2000'!$A$18:$F$159,MATCH(CRP!$A8,'ERP2000'!$A$18:$A$159,0),MATCH($AC$1,'ERP2000'!$A$20:$F$20,0))*100, "") | D8: =IFERROR(INDEX('ERP2001'!$A$18:$F$159,MATCH(CRP!$A8,'ERP2001'!$A$18:$A$159,0),MATCH($AC$1,'ERP2001'!$A$20:$F$20,0))*100, "") | E8: =IFERROR(INDEX('ERP2002'!$A$18:$F$159,MATCH(CRP!$A8,'ERP2002'!$A$18:$A$159,0),MATCH($AC$1,'ERP2002'!$A$21:$F$21,0))*100, "") | F8: =IFERROR(INDEX('ERP2003'!$A$18:$F$159,MATCH(CRP!$A8,'ERP2003'!$A$18:$A$159,0),MATCH($AC$1,'ERP2003'!$A$21:$F$21,0))*100, "") | G8: =IFERROR(INDEX('ERP2004'!$A$18:$F$159,MATCH(CRP!$A8,'ERP2004'!$A$18:$A$159,0),MATCH($AC$1,'ERP2004'!$A$21:$F$21,0))*100, "") | H8: =IFERROR(INDEX('ERP2005'!$A$18:$F$159,MATCH(CRP!$A8,'ERP2005'!$A$18:$A$159,0),MATCH($AC$1,'ERP2005'!$A$21:$F$21,0))*100, "") | I8: =IFERROR(INDEX('ERP2006'!$A$18:$F$159,MATCH(CRP!$A8,'ERP2006'!$A$18:$A$159,0),MATCH($AC$1,'ERP2006'!$A$21:$F$21,0))*100, "") -> 3.75 | J8: =IFERROR(INDEX('ERP2007'!$A$18:$F$159,MATCH(CRP!$A8,'ERP2007'!$A$18:$A$159,0),MATCH($AC$1,'ERP2007'!$A$21:$F$21,0))*100, "") -> 3.75 | K8: =IFERROR(INDEX('ERP2008'!$A$18:$F$159,MATCH(CRP!$A8,'ERP2008'!$A$18:$A$159,0),MATCH($AC$1,'ERP2008'!$A$21:$F$21,0))*100, "") -> 6 | L8: =IFERROR(INDEX('ERP2009'!$A$18:$F$159,MATCH(CRP!$A8,'ERP2009'!$A$18:$A$159,0),MATCH($AC$1,'ERP2009'!$A$18:$F$18,0))*100, "") -> 4.5 | M8: =IFERROR(INDEX('ERP2010'!$A$18:$F$159,MATCH(CRP!$A8,'ERP2010'!$A$18:$A$159,0),MATCH($AC$1,'ERP2010'!$A$18:$F$18,0))*100, "") -> 4.125 | N8: =IFERROR(INDEX('ERP2011'!$A$18:$F$159,MATCH(CRP!$A8,'ERP2011'!$A$18:$A$159,0),MATCH($AC$1,'ERP2011'!$A$18:$F$18,0))*100, "") -> 4.125 | O8: =IFERROR(IFERROR(INDEX('ERP2012'!$A$8:$F$159,MATCH(CRP!$A8,'ERP2012'!$A$8:$A$159,0),MATCH($AC$1,'ERP2012'!$A$7:$F$7,0)),INDEX('ERP2012'!$A$160:$E$184,MATCH(CRP!$A8,'ERP2012'!$A$160:$A$184,0),MATCH($AC$2,'ERP2012'!$A$160:$E$160,0)))*100, "") -> 4.125 | P8: =IFERROR(IFERROR(INDEX('ERP2013'!$A$8:$F$159,MATCH(CRP!$A8,'ERP2013'!$A$8:$A$159,0),MATCH($AC$1,'ERP2013'!$A$7:$F$7,0)),INDEX('ERP2013'!$A$160:$E$184,MATCH(CRP!$A8,'ERP2013'!$A$160:$A$184,0),MATCH($AC$2,'ERP2013'!$A$160:$E$160,0)))*100, "") -> 4.5 | Q8: =IFERROR(IFERROR(INDEX('ERP2014'!$A$8:$F$159,MATCH(CRP!$A8,'ERP2014'!$A$8:$A$159,0),MATCH($AC$1,'ERP2014'!$A$7:$F$7,0)),INDEX('ERP2014'!$A$160:$E$184,MATCH(CRP!$A8,'ERP2014'!$A$160:$A$184,0),MATCH($AC$2,'ERP2014'!$A$160:$E$160,0)))*100, "") -> 4.5 | R8: =IFERROR(IFERROR(INDEX('ERP2015'!$A$8:$F$159,MATCH(CRP!$A8,'ERP2015'!$A$8:$A$159,0),MATCH($AC$1,'ERP2015'!$A$7:$F$7,0)),INDEX('ERP2015'!$A$160:$E$184,MATCH(CRP!$A8,'ERP2015'!$A$160:$A$184,0),MATCH($AC$2,'ERP2015'!$A$160:$E$160,0)))*100, "") -> 7.07 | S8: =IFERROR(IFERROR(INDEX('ERP2016'!$A$8:$F$159,MATCH(CRP!$A8,'ERP2016'!$A$8:$A$159,0),MATCH($AC$1,'ERP2016'!$A$7:$F$7,0)),INDEX('ERP2016'!$A$160:$E$184,MATCH(CRP!$A8,'ERP2016'!$A$160:$A$184,0),MATCH($AC$2,'ERP2016'!$A$160:$E$160,0)))*100, "") -> 6.3991107 | T8: =IFERROR(IFERROR(INDEX('ERP2017'!$A$8:$F$159,MATCH(CRP!$A8,'ERP2017'!$A$8:$A$159,0),MATCH($AC$1,'ERP2017'!$A$7:$F$7,0)),INDEX('ERP2017'!$A$160:$E$190,MATCH(CRP!$A8,'ERP2017'!$A$160:$A$190,0),MATCH($AC$2,Table217[#Headers],0)))*100, "") -> 5.1897345 | U8: =IFERROR(IFERROR(INDEX('ERP2018'!$A$8:$F$159,MATCH(CRP!$A8,'ERP2018'!$A$8:$A$159,0),MATCH($AC$1,'ERP2018'!$A$7:$F$7,0)),INDEX('ERP2018'!$A$163:$E$190,MATCH(CRP!$A8,'ERP2018'!$A$163:$A$190,0),MATCH($AC$2,'ERP2018'!$A$163:$E$163,0)))*100, "") -> 6.2482584 | V8: =IFERROR(IFERROR(INDEX('ERP2019'!$A$8:$F$163,MATCH(CRP!$A8,'ERP2019'!$A$8:$A$163,0),MATCH($AC$1,'ERP2019'!$A$7:$F$7,0)),INDEX('ERP2019'!$A$165:$E$190,MATCH(CRP!$A8,'ERP2019'!$A$165:$A$190,0),MATCH($AC$2,'ERP2019'!$A$165:$E$165,0)))*100, "") -> 3.5500729 | W8: =IFERROR(INDEX('ERP2020'!$A$8:$F$165,MATCH(CRP!$A8,'ERP2020'!$A$8:$A$165,0),MATCH($AC$1,'ERP2020'!$A$7:$F$7,0)),INDEX('ERP2020'!$A$166:$E$190,MATCH(CRP!$A8,'ERP2020'!$A$166:$A$190,0),MATCH($AC$2,'ERP2020'!$A$166:$E$166,0)))*100 -> 3.4861739 | X8: =IFERROR(INDEX('ERP2021'!$A$8:$F$165,MATCH(CRP!$A8,'ERP2021'!$A$8:$A$165,0),MATCH($AC$1,'ERP2021'!$A$7:$F$7,0)),INDEX('ERP2021'!$A$166:$E$190,MATCH(CRP!$A8,'ERP2021'!$A$166:$A$190,0),MATCH($AC$2,'ERP2021'!$A$166:$E$166,0)))*100 -> 3.5597338 | Y8: =IFERROR(INDEX('ERP2022'!$A$8:$F$165,MATCH(CRP!$A8,'ERP2022'!$A$8:$A$165,0),MATCH($AC$1,'ERP2022'!$A$7:$F$7,0)),INDEX('ERP2022'!$A$166:$E$190,MATCH(CRP!$A8,'ERP2022'!$A$166:$A$190,0),MATCH($AC$2,'ERP2022'!$A$166:$E$166,0)))*100 -> 6.20746 | Z8: =IFERROR(INDEX('ERP2023'!$A$8:$F$165,MATCH(CRP!$A8,'ERP2023'!$A$8:$A$165,0),MATCH($AC$1,'ERP2023'!$A$7:$F$7,0)),INDEX('ERP2023'!$A$165:$E$190,MATCH(CRP!$A8,'ERP2023'!$A$165:$A$190,0),MATCH($AC$2,'ERP2023'!$A$165:$E$165,0)))*100 -> 5.2599025 | AA8: =IFERROR(INDEX('ERP2024'!$A$8:$F$165,MATCH(CRP!$A8,'ERP2024'!$A$8:$A$165,0),MATCH($AC$1,'ERP2024'!$A$7:$F$7,0)),INDEX('ERP2024'!$A$166:$E$190,MATCH(CRP!$A8,'ERP2024'!$A$166:$A$190,0),MATCH($AC$2,'ERP2024'!$A$166:$E$166,0)))*100 -> 4.7997469 | AB8: =IFERROR(INDEX('ERP2025'!$A$8:$F$165,MATCH(CRP!$A8,'ERP2025'!$A$8:$A$165,0),MATCH($AC$1,'ERP2025'!$A$7:$F$7,0)),INDEX('ERP2024'!$A$166:$E$190,MATCH(CRP!$A8,'ERP2025'!$A$166:$A$190,0),MATCH($AC$2,'ERP2024'!$A$166:$E$166,0)))*100 -> 5.320378
A9: Aruba | B9: ABW | C9: =IFERROR(INDEX('ERP2000'!$A$18:$F$159,MATCH(CRP!$A9,'ERP2000'!$A$18:$A$159,0),MATCH($AC$1,'ERP2000'!$A$20:$F$20,0))*100, "") | D9: =IFERROR(INDEX('ERP2001'!$A$18:$F$159,MATCH(CRP!$A9,'ERP2001'!$A$18:$A$159,0),MATCH($AC$1,'ERP2001'!$A$20:$F$20,0))*100, "") | E9: =IFERROR(INDEX('ERP2002'!$A$18:$F$159,MATCH(CRP!$A9,'ERP2002'!$A$18:$A$159,0),MATCH($AC$1,'ERP2002'!$A$21:$F$21,0))*100, "") | F9: =IFERROR(INDEX('ERP2003'!$A$18:$F$159,MATCH(CRP!$A9,'ERP2003'!$A$18:$A$159,0),MATCH($AC$1,'ERP2003'!$A$21:$F$21,0))*100, "") | G9: =IFERROR(INDEX('ERP2004'!$A$18:$F$159,MATCH(CRP!$A9,'ERP2004'!$A$18:$A$159,0),MATCH($AC$1,'ERP2004'!$A$21:$F$21,0))*100, "") | H9: =IFERROR(INDEX('ERP2005'!$A$18:$F$159,MATCH(CRP!$A9,'ERP2005'!$A$18:$A$159,0),MATCH($AC$1,'ERP2005'!$A$21:$F$21,0))*100, "") | I9: =IFERROR(INDEX('ERP2006'!$A$18:$F$159,MATCH(CRP!$A9,'ERP2006'!$A$18:$A$159,0),MATCH($AC$1,'ERP2006'!$A$21:$F$21,0))*100, "") | J9: =IFERROR(INDEX('ERP2007'!$A$18:$F$159,MATCH(CRP!$A9,'ERP2007'!$A$18:$A$159,0),MATCH($AC$1,'ERP2007'!$A$21:$F$21,0))*100, "") | K9: =IFERROR(INDEX('ERP2008'!$A$18:$F$159,MATCH(CRP!$A9,'ERP2008'!$A$18:$A$159,0),MATCH($AC$1,'ERP2008'!$A$21:$F$21,0))*100, "") | L9: =IFERROR(INDEX('ERP2009'!$A$18:$F$159,MATCH(CRP!$A9,'ERP2009'!$A$18:$A$159,0),MATCH($AC$1,'ERP2009'!$A$18:$F$18,0))*100, "") | M9: =IFERROR(INDEX('ERP2010'!$A$18:$F$159,MATCH(CRP!$A9,'ERP2010'!$A$18:$A$159,0),MATCH($AC$1,'ERP2010'!$A$18:$F$18,0))*100, "") | N9: =IFERROR(INDEX('ERP2011'!$A$18:$F$159,MATCH(CRP!$A9,'ERP2011'!$A$18:$A$159,0),MATCH($AC$1,'ERP2011'!$A$18:$F$18,0))*100, "") | O9: =IFERROR(IFERROR(INDEX('ERP2012'!$A$8:$F$159,MATCH(CRP!$A9,'ERP2012'!$A$8:$A$159,0),MATCH($AC$1,'ERP2012'!$A$7:$F$7,0)),INDEX('ERP2012'!$A$160:$E$184,MATCH(CRP!$A9,'ERP2012'!$A$160:$A$184,0),MATCH($AC$2,'ERP2012'!$A$160:$E$160,0)))*100, "") | P9: =IFERROR(IFERROR(INDEX('ERP2013'!$A$8:$F$159,MATCH(CRP!$A9,'ERP2013'!$A$8:$A$159,0),MATCH($AC$1,'ERP2013'!$A$7:$F$7,0)),INDEX('ERP2013'!$A$160:$E$184,MATCH(CRP!$A9,'ERP2013'!$A$160:$A$184,0),MATCH($AC$2,'ERP2013'!$A$160:$E$160,0)))*100, "") -> 2.4 | Q9: =IFERROR(IFERROR(INDEX('ERP2014'!$A$8:$F$159,MATCH(CRP!$A9,'ERP2014'!$A$8:$A$159,0),MATCH($AC$1,'ERP2014'!$A$7:$F$7,0)),INDEX('ERP2014'!$A$160:$E$184,MATCH(CRP!$A9,'ERP2014'!$A$160:$A$184,0),MATCH($AC$2,'ERP2014'!$A$160:$E$160,0)))*100, "") -> 2.4 | R9: =IFERROR(IFERROR(INDEX('ERP2015'!$A$8:$F$159,MATCH(CRP!$A9,'ERP2015'!$A$8:$A$159,0),MATCH($AC$1,'ERP2015'!$A$7:$F$7,0)),INDEX('ERP2015'!$A$160:$E$184,MATCH(CRP!$A9,'ERP2015'!$A$160:$A$184,0),MATCH($AC$2,'ERP2015'!$A$160:$E$160,0)))*100, "") -> 2.506 | S9: =IFERROR(IFERROR(INDEX('ERP2016'!$A$8:$F$159,MATCH(CRP!$A9,'ERP2016'!$A$8:$A$159,0),MATCH($AC$1,'ERP2016'!$A$7:$F$7,0)),INDEX('ERP2016'!$A$160:$E$184,MATCH(CRP!$A9,'ERP2016'!$A$160:$A$184,0),MATCH($AC$2,'ERP2016'!$A$160:$E$160,0)))*100, "") -> 2.2698248 | T9: =IFERROR(IFERROR(INDEX('ERP2017'!$A$8:$F$159,MATCH(CRP!$A9,'ERP2017'!$A$8:$A$159,0),MATCH($AC$1,'ERP2017'!$A$7:$F$7,0)),INDEX('ERP2017'!$A$160:$E$190,MATCH(CRP!$A9,'ERP2017'!$A$160:$A$190,0),MATCH($AC$2,Table217[#Headers],0)))*100, "") -> 1.8408477 | U9: =IFERROR(IFERROR(INDEX('ERP2018'!$A$8:$F$159,MATCH(CRP!$A9,'ERP2018'!$A$8:$A$159,0),MATCH($AC$1,'ERP2018'!$A$7:$F$7,0)),INDEX('ERP2018'!$A$163:$E$190,MATCH(CRP!$A9,'ERP2018'!$A$163:$A$190,0),MATCH($AC$2,'ERP2018'!$A$163:$E$163,0)))*100, "") -> 2.2163161 | V9: =IFERROR(IFERROR(INDEX('ERP2019'!$A$8:$F$163,MATCH(CRP!$A9,'ERP2019'!$A$8:$A$163,0),MATCH($AC$1,'ERP2019'!$A$7:$F$7,0)),INDEX('ERP2019'!$A$165:$E$190,MATCH(CRP!$A9,'ERP2019'!$A$165:$A$190,0),MATCH($AC$2,'ERP2019'!$A$165:$E$165,0)))*100, "") -> 1.5748444 | W9: =IFERROR(INDEX('ERP2020'!$A$8:$F$165,MATCH(CRP!$A9,'ERP2020'!$A$8:$A$165,0),MATCH($AC$1,'ERP2020'!$A$7:$F$7,0)),INDEX('ERP2020'!$A$166:$E$190,MATCH(CRP!$A9,'ERP2020'!$A$166:$A$190,0),MATCH($AC$2,'ERP2020'!$A$166:$E$166,0)))*100 -> 1.5464982 | X9: =IFERROR(INDEX('ERP2021'!$A$8:$F$165,MATCH(CRP!$A9,'ERP2021'!$A$8:$A$165,0),MATCH($AC$1,'ERP2021'!$A$7:$F$7,0)),INDEX('ERP2021'!$A$166:$E$190,MATCH(CRP!$A9,'ERP2021'!$A$166:$A$190,0),MATCH($AC$2,'ERP2021'!$A$166:$E$166,0)))*100 -> 1.8824657 | Y9: =IFERROR(INDEX('ERP2022'!$A$8:$F$165,MATCH(CRP!$A9,'ERP2022'!$A$8:$A$165,0),MATCH($AC$1,'ERP2022'!$A$7:$F$7,0)),INDEX('ERP2022'!$A$166:$E$190,MATCH(CRP!$A9,'ERP2022'!$A$166:$A$190,0),MATCH($AC$2,'ERP2022'!$A$166:$E$166,0)))*100 -> 3.2863024 | Z9: =IFERROR(INDEX('ERP2023'!$A$8:$F$165,MATCH(CRP!$A9,'ERP2023'!$A$8:$A$165,0),MATCH($AC$1,'ERP2023'!$A$7:$F$7,0)),INDEX('ERP2023'!$A$165:$E$190,MATCH(CRP!$A9,'ERP2023'!$A$165:$A$190,0),MATCH($AC$2,'ERP2023'!$A$165:$E$165,0)))*100 -> 2.7846543 | AA9: =IFERROR(INDEX('ERP2024'!$A$8:$F$165,MATCH(CRP!$A9,'ERP2024'!$A$8:$A$165,0),MATCH($AC$1,'ERP2024'!$A$7:$F$7,0)),INDEX('ERP2024'!$A$166:$E$190,MATCH(CRP!$A9,'ERP2024'!$A$166:$A$190,0),MATCH($AC$2,'ERP2024'!$A$166:$E$166,0)))*100 -> 2.9331787 | AB9: =IFERROR(INDEX('ERP2025'!$A$8:$F$165,MATCH(CRP!$A9,'ERP2025'!$A$8:$A$165,0),MATCH($AC$1,'ERP2025'!$A$7:$F$7,0)),INDEX('ERP2024'!$A$166:$E$190,MATCH(CRP!$A9,'ERP2025'!$A$166:$A$190,0),MATCH($AC$2,'ERP2024'!$A$166:$E$166,0)))*100 -> 3.2513421
A10: Australia | B10: AUS | C10: =IFERROR(INDEX('ERP2000'!$A$18:$F$159,MATCH(CRP!$A10,'ERP2000'!$A$18:$A$159,0),MATCH($AC$1,'ERP2000'!$A$20:$F$20,0))*100, "") -> 1.275 | D10: =IFERROR(INDEX('ERP2001'!$A$18:$F$159,MATCH(CRP!$A10,'ERP2001'!$A$18:$A$159,0),MATCH($AC$1,'ERP2001'!$A$20:$F$20,0))*100, "") -> 1.275 | E10: =IFERROR(INDEX('ERP2002'!$A$18:$F$159,MATCH(CRP!$A10,'ERP2002'!$A$18:$A$159,0),MATCH($AC$1,'ERP2002'!$A$21:$F$21,0))*100, "") -> 0 | F10: =IFERROR(INDEX('ERP2003'!$A$18:$F$159,MATCH(CRP!$A10,'ERP2003'!$A$18:$A$159,0),MATCH($AC$1,'ERP2003'!$A$21:$F$21,0))*100, "") -> 0 | G10: =IFERROR(INDEX('ERP2004'!$A$18:$F$159,MATCH(CRP!$A10,'ERP2004'!$A$18:$A$159,0),MATCH($AC$1,'ERP2004'!$A$21:$F$21,0))*100, "") -> 0 | H10: =IFERROR(INDEX('ERP2005'!$A$18:$F$159,MATCH(CRP!$A10,'ERP2005'!$A$18:$A$159,0),MATCH($AC$1,'ERP2005'!$A$21:$F$21,0))*100, "") -> 0 | I10: =IFERROR(INDEX('ERP2006'!$A$18:$F$159,MATCH(CRP!$A10,'ERP2006'!$A$18:$A$159,0),MATCH($AC$1,'ERP2006'!$A$21:$F$21,0))*100, "") -> 0 | J10: =IFERROR(INDEX('ERP2007'!$A$18:$F$159,MATCH(CRP!$A10,'ERP2007'!$A$18:$A$159,0),MATCH($AC$1,'ERP2007'!$A$21:$F$21,0))*100, "") -> 0 | K10: =IFERROR(INDEX('ERP2008'!$A$18:$F$159,MATCH(CRP!$A10,'ERP2008'!$A$18:$A$159,0),MATCH($AC$1,'ERP2008'!$A$21:$F$21,0))*100, "") -> 0 | L10: =IFERROR(INDEX('ERP2009'!$A$18:$F$159,MATCH(CRP!$A10,'ERP2009'!$A$18:$A$159,0),MATCH($AC$1,'ERP2009'!$A$18:$F$18,0))*100, "") -> 0 | M10: =IFERROR(INDEX('ERP2010'!$A$18:$F$159,MATCH(CRP!$A10,'ERP2010'!$A$18:$A$159,0),MATCH($AC$1,'ERP2010'!$A$18:$F$18,0))*100, "") -> 0 | N10: =IFERROR(INDEX('ERP2011'!$A$18:$F$159,MATCH(CRP!$A10,'ERP2011'!$A$18:$A$159,0),MATCH($AC$1,'ERP2011'!$A$18:$F$18,0))*100, "") -> 0 | O10: =IFERROR(IFERROR(INDEX('ERP2012'!$A$8:$F$159,MATCH(CRP!$A10,'ERP2012'!$A$8:$A$159,0),MATCH($AC$1,'ERP2012'!$A$7:$F$7,0)),INDEX('ERP2012'!$A$160:$E$184,MATCH(CRP!$A10,'ERP2012'!$A$160:$A$184,0),MATCH($AC$2,'ERP2012'!$A$160:$E$160,0)))*100, "") -> 0 | P10: =IFERROR(IFERROR(INDEX('ERP2013'!$A$8:$F$159,MATCH(CRP!$A10,'ERP2013'!$A$8:$A$159,0),MATCH($AC$1,'ERP2013'!$A$7:$F$7,0)),INDEX('ERP2013'!$A$160:$E$184,MATCH(CRP!$A10,'ERP2013'!$A$160:$A$184,0),MATCH($AC$2,'ERP2013'!$A$160:$E$160,0)))*100, "") -> 0 | Q10: =IFERROR(IFERROR(INDEX('ERP2014'!$A$8:$F$159,MATCH(CRP!$A10,'ERP2014'!$A$8:$A$159,0),MATCH($AC$1,'ERP2014'!$A$7:$F$7,0)),INDEX('ERP2014'!$A$160:$E$184,MATCH(CRP!$A10,'ERP2014'!$A$160:$A$184,0),MATCH($AC$2,'ERP2014'!$A$160:$E$160,0)))*100, "") -> 0 | R10: =IFERROR(IFERROR(INDEX('ERP2015'!$A$8:$F$159,MATCH(CRP!$A10,'ERP2015'!$A$8:$A$159,0),MATCH($AC$1,'ERP2015'!$A$7:$F$7,0)),INDEX('ERP2015'!$A$160:$E$184,MATCH(CRP!$A10,'ERP2015'!$A$160:$A$184,0),MATCH($AC$2,'ERP2015'!$A$160:$E$160,0)))*100, "") -> 0 | S10: =IFERROR(IFERROR(INDEX('ERP2016'!$A$8:$F$159,MATCH(CRP!$A10,'ERP2016'!$A$8:$A$159,0),MATCH($AC$1,'ERP2016'!$A$7:$F$7,0)),INDEX('ERP2016'!$A$160:$E$184,MATCH(CRP!$A10,'ERP2016'!$A$160:$A$184,0),MATCH($AC$2,'ERP2016'!$A$160:$E$160,0)))*100, "") -> 0 | T10: =IFERROR(IFERROR(INDEX('ERP2017'!$A$8:$F$159,MATCH(CRP!$A10,'ERP2017'!$A$8:$A$159,0),MATCH($AC$1,'ERP2017'!$A$7:$F$7,0)),INDEX('ERP2017'!$A$160:$E$190,MATCH(CRP!$A10,'ERP2017'!$A$160:$A$190,0),MATCH($AC$2,Table217[#Headers],0)))*100, "") -> 0 | U10: =IFERROR(IFERROR(INDEX('ERP2018'!$A$8:$F$159,MATCH(CRP!$A10,'ERP2018'!$A$8:$A$159,0),MATCH($AC$1,'ERP2018'!$A$7:$F$7,0)),INDEX('ERP2018'!$A$163:$E$190,MATCH(CRP!$A10,'ERP2018'!$A$163:$A$190,0),MATCH($AC$2,'ERP2018'!$A$163:$E$163,0)))*100, "") -> 0 | V10: =IFERROR(IFERROR(INDEX('ERP2019'!$A$8:$F$163,MATCH(CRP!$A10,'ERP2019'!$A$8:$A$163,0),MATCH($AC$1,'ERP2019'!$A$7:$F$7,0)),INDEX('ERP2019'!$A$165:$E$190,MATCH(CRP!$A10,'ERP2019'!$A$165:$A$190,0),MATCH($AC$2,'ERP2019'!$A$165:$E$165,0)))*100, "") -> 0 | W10: =IFERROR(INDEX('ERP2020'!$A$8:$F$165,MATCH(CRP!$A10,'ERP2020'!$A$8:$A$165,0),MATCH($AC$1,'ERP2020'!$A$7:$F$7,0)),INDEX('ERP2020'!$A$166:$E$190,MATCH(CRP!$A10,'ERP2020'!$A$166:$A$190,0),MATCH($AC$2,'ERP2020'!$A$166:$E$166,0)))*100 -> 0 | X10: =IFERROR(INDEX('ERP2021'!$A$8:$F$165,MATCH(CRP!$A10,'ERP2021'!$A$8:$A$165,0),MATCH($AC$1,'ERP2021'!$A$7:$F$7,0)),INDEX('ERP2021'!$A$166:$E$190,MATCH(CRP!$A10,'ERP2021'!$A$166:$A$190,0),MATCH($AC$2,'ERP2021'!$A$166:$E$166,0)))*100 -> 0 | Y10: =IFERROR(INDEX('ERP2022'!$A$8:$F$165,MATCH(CRP!$A10,'ERP2022'!$A$8:$A$165,0),MATCH($AC$1,'ERP2022'!$A$7:$F$7,0)),INDEX('ERP2022'!$A$166:$E$190,MATCH(CRP!$A10,'ERP2022'!$A$166:$A$190,0),MATCH($AC$2,'ERP2022'!$A$166:$E$166,0)))*100 -> 0 | Z10: =IFERROR(INDEX('ERP2023'!$A$8:$F$165,MATCH(CRP!$A10,'ERP2023'!$A$8:$A$165,0),MATCH($AC$1,'ERP2023'!$A$7:$F$7,0)),INDEX('ERP2023'!$A$165:$E$190,MATCH(CRP!$A10,'ERP2023'!$A$165:$A$190,0),MATCH($AC$2,'ERP2023'!$A$165:$E$165,0)))*100 -> 0 | AA10: =IFERROR(INDEX('ERP2024'!$A$8:$F$165,MATCH(CRP!$A10,'ERP2024'!$A$8:$A$165,0),MATCH($AC$1,'ERP2024'!$A$7:$F$7,0)),INDEX('ERP2024'!$A$166:$E$190,MATCH(CRP!$A10,'ERP2024'!$A$166:$A$190,0),MATCH($AC$2,'ERP2024'!$A$166:$E$166,0)))*100 -> 0 | AB10: =IFERROR(INDEX('ERP2025'!$A$8:$F$165,MATCH(CRP!$A10,'ERP2025'!$A$8:$A$165,0),MATCH($AC$1,'ERP2025'!$A$7:$F$7,0)),INDEX('ERP2024'!$A$166:$E$190,MATCH(CRP!$A10,'ERP2025'!$A$166:$A$190,0),MATCH($AC$2,'ERP2024'!$A$166:$E$166,0)))*100 -> 0
A11: Austria | B11: AUT | C11: =IFERROR(INDEX('ERP2000'!$A$18:$F$159,MATCH(CRP!$A11,'ERP2000'!$A$18:$A$159,0),MATCH($AC$1,'ERP2000'!$A$20:$F$20,0))*100, "") -> 0 | D11: =IFERROR(INDEX('ERP2001'!$A$18:$F$159,MATCH(CRP!$A11,'ERP2001'!$A$18:$A$159,0),MATCH($AC$1,'ERP2001'!$A$20:$F$20,0))*100, "") -> 0 | E11: =IFERROR(INDEX('ERP2002'!$A$18:$F$159,MATCH(CRP!$A11,'ERP2002'!$A$18:$A$159,0),MATCH($AC$1,'ERP2002'!$A$21:$F$21,0))*100, "") -> 0 | F11: =IFERROR(INDEX('ERP2003'!$A$18:$F$159,MATCH(CRP!$A11,'ERP2003'!$A$18:$A$159,0),MATCH($AC$1,'ERP2003'!$A$21:$F$21,0))*100, "") -> 0 | G11: =IFERROR(INDEX('ERP2004'!$A$18:$F$159,MATCH(CRP!$A11,'ERP2004'!$A$18:$A$159,0),MATCH($AC$1,'ERP2004'!$A$21:$F$21,0))*100, "") -> 0 | H11: =IFERROR(INDEX('ERP2005'!$A$18:$F$159,MATCH(CRP!$A11,'ERP2005'!$A$18:$A$159,0),MATCH($AC$1,'ERP2005'!$A$21:$F$21,0))*100, "") -> 0 | I11: =IFERROR(INDEX('ERP2006'!$A$18:$F$159,MATCH(CRP!$A11,'ERP2006'!$A$18:$A$159,0),MATCH($AC$1,'ERP2006'!$A$21:$F$21,0))*100, "") -> 0 | J11: =IFERROR(INDEX('ERP2007'!$A$18:$F$159,MATCH(CRP!$A11,'ERP2007'!$A$18:$A$159,0),MATCH($AC$1,'ERP2007'!$A$21:$F$21,0))*100, "") -> 0 | K11: =IFERROR(INDEX('ERP2008'!$A$18:$F$159,MATCH(CRP!$A11,'ERP2008'!$A$18:$A$159,0),MATCH($AC$1,'ERP2008'!$A$21:$F$21,0))*100, "") -> 0 | L11: =IFERROR(INDEX('ERP2009'!$A$18:$F$159,MATCH(CRP!$A11,'ERP2009'!$A$18:$A$159,0),MATCH($AC$1,'ERP2009'!$A$18:$F$18,0))*100, "") | M11: =IFERROR(INDEX('ERP2010'!$A$18:$F$159,MATCH(CRP!$A11,'ERP2010'!$A$18:$A$159,0),MATCH($AC$1,'ERP2010'!$A$18:$F$18,0))*100, "") -> 0 | N11: =IFERROR(INDEX('ERP2011'!$A$18:$F$159,MATCH(CRP!$A11,'ERP2011'!$A$18:$A$159,0),MATCH($AC$1,'ERP2011'!$A$18:$F$18,0))*100, "") | O11: =IFERROR(IFERROR(INDEX('ERP2012'!$A$8:$F$159,MATCH(CRP!$A11,'ERP2012'!$A$8:$A$159,0),MATCH($AC$1,'ERP2012'!$A$7:$F$7,0)),INDEX('ERP2012'!$A$160:$E$184,MATCH(CRP!$A11,'ERP2012'!$A$160:$A$184,0),MATCH($AC$2,'ERP2012'!$A$160:$E$160,0)))*100, "") -> 0 | P11: =IFERROR(IFERROR(INDEX('ERP2013'!$A$8:$F$159,MATCH(CRP!$A11,'ERP2013'!$A$8:$A$159,0),MATCH($AC$1,'ERP2013'!$A$7:$F$7,0)),INDEX('ERP2013'!$A$160:$E$184,MATCH(CRP!$A11,'ERP2013'!$A$160:$A$184,0),MATCH($AC$2,'ERP2013'!$A$160:$E$160,0)))*100, "") -> 0 | Q11: =IFERROR(IFERROR(INDEX('ERP2014'!$A$8:$F$159,MATCH(CRP!$A11,'ERP2014'!$A$8:$A$159,0),MATCH($AC$1,'ERP2014'!$A$7:$F$7,0)),INDEX('ERP2014'!$A$160:$E$184,MATCH(CRP!$A11,'ERP2014'!$A$160:$A$184,0),MATCH($AC$2,'ERP2014'!$A$160:$E$160,0)))*100, "") -> 0 | R11: =IFERROR(IFERROR(INDEX('ERP2015'!$A$8:$F$159,MATCH(CRP!$A11,'ERP2015'!$A$8:$A$159,0),MATCH($AC$1,'ERP2015'!$A$7:$F$7,0)),INDEX('ERP2015'!$A$160:$E$184,MATCH(CRP!$A11,'ERP2015'!$A$160:$A$184,0),MATCH($AC$2,'ERP2015'!$A$160:$E$160,0)))*100, "") -> 0.63 | S11: =IFERROR(IFERROR(INDEX('ERP2016'!$A$8:$F$159,MATCH(CRP!$A11,'ERP2016'!$A$8:$A$159,0),MATCH($AC$1,'ERP2016'!$A$7:$F$7,0)),INDEX('ERP2016'!$A$160:$E$184,MATCH(CRP!$A11,'ERP2016'!$A$160:$A$184,0),MATCH($AC$2,'ERP2016'!$A$160:$E$160,0)))*100, "") -> 0.56425024 | T11: =IFERROR(IFERROR(INDEX('ERP2017'!$A$8:$F$159,MATCH(CRP!$A11,'ERP2017'!$A$8:$A$159,0),MATCH($AC$1,'ERP2017'!$A$7:$F$7,0)),INDEX('ERP2017'!$A$160:$E$190,MATCH(CRP!$A11,'ERP2017'!$A$160:$A$190,0),MATCH($AC$2,Table217[#Headers],0)))*100, "") -> 0.45761186 | U11: =IFERROR(IFERROR(INDEX('ERP2018'!$A$8:$F$159,MATCH(CRP!$A11,'ERP2018'!$A$8:$A$159,0),MATCH($AC$1,'ERP2018'!$A$7:$F$7,0)),INDEX('ERP2018'!$A$163:$E$190,MATCH(CRP!$A11,'ERP2018'!$A$163:$A$190,0),MATCH($AC$2,'ERP2018'!$A$163:$E$163,0)))*100, "") -> 0.55094864 | V11: =IFERROR(IFERROR(INDEX('ERP2019'!$A$8:$F$163,MATCH(CRP!$A11,'ERP2019'!$A$8:$A$163,0),MATCH($AC$1,'ERP2019'!$A$7:$F$7,0)),INDEX('ERP2019'!$A$165:$E$190,MATCH(CRP!$A11,'ERP2019'!$A$165:$A$190,0),MATCH($AC$2,'ERP2019'!$A$165:$E$165,0)))*100, "") -> 0.39148673 | W11: =IFERROR(INDEX('ERP2020'!$A$8:$F$165,MATCH(CRP!$A11,'ERP2020'!$A$8:$A$165,0),MATCH($AC$1,'ERP2020'!$A$7:$F$7,0)),INDEX('ERP2020'!$A$166:$E$190,MATCH(CRP!$A11,'ERP2020'!$A$166:$A$190,0),MATCH($AC$2,'ERP2020'!$A$166:$E$166,0)))*100 -> 0.38444023 | X11: =IFERROR(INDEX('ERP2021'!$A$8:$F$165,MATCH(CRP!$A11,'ERP2021'!$A$8:$A$165,0),MATCH($AC$1,'ERP2021'!$A$7:$F$7,0)),INDEX('ERP2021'!$A$166:$E$190,MATCH(CRP!$A11,'ERP2021'!$A$166:$A$190,0),MATCH($AC$2,'ERP2021'!$A$166:$E$166,0)))*100 -> 0.3925521 | Y11: =IFERROR(INDEX('ERP2022'!$A$8:$F$165,MATCH(CRP!$A11,'ERP2022'!$A$8:$A$165,0),MATCH($AC$1,'ERP2022'!$A$7:$F$7,0)),INDEX('ERP2022'!$A$166:$E$190,MATCH(CRP!$A11,'ERP2022'!$A$166:$A$190,0),MATCH($AC$2,'ERP2022'!$A$166:$E$166,0)))*100 -> 0.68971778 | Z11: =IFERROR(INDEX('ERP2023'!$A$8:$F$165,MATCH(CRP!$A11,'ERP2023'!$A$8:$A$165,0),MATCH($AC$1,'ERP2023'!$A$7:$F$7,0)),INDEX('ERP2023'!$A$165:$E$190,MATCH(CRP!$A11,'ERP2023'!$A$165:$A$190,0),MATCH($AC$2,'ERP2023'!$A$165:$E$165,0)))*100 -> 0.58443361 | AA11: =IFERROR(INDEX('ERP2024'!$A$8:$F$165,MATCH(CRP!$A11,'ERP2024'!$A$8:$A$165,0),MATCH($AC$1,'ERP2024'!$A$7:$F$7,0)),INDEX('ERP2024'!$A$166:$E$190,MATCH(CRP!$A11,'ERP2024'!$A$166:$A$190,0),MATCH($AC$2,'ERP2024'!$A$166:$E$166,0)))*100 -> 0.53330522 | AB11: =IFERROR(INDEX('ERP2025'!$A$8:$F$165,MATCH(CRP!$A11,'ERP2025'!$A$8:$A$165,0),MATCH($AC$1,'ERP2025'!$A$7:$F$7,0)),INDEX('ERP2024'!$A$166:$E$190,MATCH(CRP!$A11,'ERP2025'!$A$166:$A$190,0),MATCH($AC$2,'ERP2024'!$A$166:$E$166,0)))*100 -> 0.40623236
A12: Azerbaijan | B12: AZE | C12: =IFERROR(INDEX('ERP2000'!$A$18:$F$159,MATCH(CRP!$A12,'ERP2000'!$A$18:$A$159,0),MATCH($AC$1,'ERP2000'!$A$20:$F$20,0))*100, "") | D12: =IFERROR(INDEX('ERP2001'!$A$18:$F$159,MATCH(CRP!$A12,'ERP2001'!$A$18:$A$159,0),MATCH($AC$1,'ERP2001'!$A$20:$F$20,0))*100, "") | E12: =IFERROR(INDEX('ERP2002'!$A$18:$F$159,MATCH(CRP!$A12,'ERP2002'!$A$18:$A$159,0),MATCH($AC$1,'ERP2002'!$A$21:$F$21,0))*100, "") | F12: =IFERROR(INDEX('ERP2003'!$A$18:$F$159,MATCH(CRP!$A12,'ERP2003'!$A$18:$A$159,0),MATCH($AC$1,'ERP2003'!$A$21:$F$21,0))*100, "") | G12: =IFERROR(INDEX('ERP2004'!$A$18:$F$159,MATCH(CRP!$A12,'ERP2004'!$A$18:$A$159,0),MATCH($AC$1,'ERP2004'!$A$21:$F$21,0))*100, "") | H12: =IFERROR(INDEX('ERP2005'!$A$18:$F$159,MATCH(CRP!$A12,'ERP2005'!$A$18:$A$159,0),MATCH($AC$1,'ERP2005'!$A$21:$F$21,0))*100, "") | I12: =IFERROR(INDEX('ERP2006'!$A$18:$F$159,MATCH(CRP!$A12,'ERP2006'!$A$18:$A$159,0),MATCH($AC$1,'ERP2006'!$A$21:$F$21,0))*100, "") -> 3 | J12: =IFERROR(INDEX('ERP2007'!$A$18:$F$159,MATCH(CRP!$A12,'ERP2007'!$A$18:$A$159,0),MATCH($AC$1,'ERP2007'!$A$21:$F$21,0))*100, "") -> 3 | K12: =IFERROR(INDEX('ERP2008'!$A$18:$F$159,MATCH(CRP!$A12,'ERP2008'!$A$18:$A$159,0),MATCH($AC$1,'ERP2008'!$A$21:$F$21,0))*100, "") -> 4.5 | L12: =IFERROR(INDEX('ERP2009'!$A$18:$F$159,MATCH(CRP!$A12,'ERP2009'!$A$18:$A$159,0),MATCH($AC$1,'ERP2009'!$A$18:$F$18,0))*100, "") -> 3.75 | M12: =IFERROR(INDEX('ERP2010'!$A$18:$F$159,MATCH(CRP!$A12,'ERP2010'!$A$18:$A$159,0),MATCH($AC$1,'ERP2010'!$A$18:$F$18,0))*100, "") -> 3.6 | N12: =IFERROR(INDEX('ERP2011'!$A$18:$F$159,MATCH(CRP!$A12,'ERP2011'!$A$18:$A$159,0),MATCH($AC$1,'ERP2011'!$A$18:$F$18,0))*100, "") -> 3.6 | O12: =IFERROR(IFERROR(INDEX('ERP2012'!$A$8:$F$159,MATCH(CRP!$A12,'ERP2012'!$A$8:$A$159,0),MATCH($AC$1,'ERP2012'!$A$7:$F$7,0)),INDEX('ERP2012'!$A$160:$E$184,MATCH(CRP!$A12,'ERP2012'!$A$160:$A$184,0),MATCH($AC$2,'ERP2012'!$A$160:$E$160,0)))*100, "") -> 3 | P12: =IFERROR(IFERROR(INDEX('ERP2013'!$A$8:$F$159,MATCH(CRP!$A12,'ERP2013'!$A$8:$A$159,0),MATCH($AC$1,'ERP2013'!$A$7:$F$7,0)),INDEX('ERP2013'!$A$160:$E$184,MATCH(CRP!$A12,'ERP2013'!$A$160:$A$184,0),MATCH($AC$2,'ERP2013'!$A$160:$E$160,0)))*100, "") -> 3.3 | Q12: =IFERROR(IFERROR(INDEX('ERP2014'!$A$8:$F$159,MATCH(CRP!$A12,'ERP2014'!$A$8:$A$159,0),MATCH($AC$1,'ERP2014'!$A$7:$F$7,0)),INDEX('ERP2014'!$A$160:$E$184,MATCH(CRP!$A12,'ERP2014'!$A$160:$A$184,0),MATCH($AC$2,'ERP2014'!$A$160:$E$160,0)))*100, "") -> 3.3 | R12: =IFERROR(IFERROR(INDEX('ERP2015'!$A$8:$F$159,MATCH(CRP!$A12,'ERP2015'!$A$8:$A$159,0),MATCH($AC$1,'ERP2015'!$A$7:$F$7,0)),INDEX('ERP2015'!$A$160:$E$184,MATCH(CRP!$A12,'ERP2015'!$A$160:$A$184,0),MATCH($AC$2,'ERP2015'!$A$160:$E$160,0)))*100, "") -> 3.92 | S12: =IFERROR(IFERROR(INDEX('ERP2016'!$A$8:$F$159,MATCH(CRP!$A12,'ERP2016'!$A$8:$A$159,0),MATCH($AC$1,'ERP2016'!$A$7:$F$7,0)),INDEX('ERP2016'!$A$160:$E$184,MATCH(CRP!$A12,'ERP2016'!$A$160:$A$184,0),MATCH($AC$2,'ERP2016'!$A$160:$E$160,0)))*100, "") -> 3.5522117 | T12: =IFERROR(IFERROR(INDEX('ERP2017'!$A$8:$F$159,MATCH(CRP!$A12,'ERP2017'!$A$8:$A$159,0),MATCH($AC$1,'ERP2017'!$A$7:$F$7,0)),INDEX('ERP2017'!$A$160:$E$190,MATCH(CRP!$A12,'ERP2017'!$A$160:$A$190,0),MATCH($AC$2,Table217[#Headers],0)))*100, "") -> 3.4632897 | U12: =IFERROR(IFERROR(INDEX('ERP2018'!$A$8:$F$159,MATCH(CRP!$A12,'ERP2018'!$A$8:$A$159,0),MATCH($AC$1,'ERP2018'!$A$7:$F$7,0)),INDEX('ERP2018'!$A$163:$E$190,MATCH(CRP!$A12,'ERP2018'!$A$163:$A$190,0),MATCH($AC$2,'ERP2018'!$A$163:$E$163,0)))*100, "") -> 4.1696795 | V12: =IFERROR(IFERROR(INDEX('ERP2019'!$A$8:$F$163,MATCH(CRP!$A12,'ERP2019'!$A$8:$A$163,0),MATCH($AC$1,'ERP2019'!$A$7:$F$7,0)),INDEX('ERP2019'!$A$165:$E$190,MATCH(CRP!$A12,'ERP2019'!$A$165:$A$190,0),MATCH($AC$2,'ERP2019'!$A$165:$E$165,0)))*100, "") -> 2.9628428 | W12: =IFERROR(INDEX('ERP2020'!$A$8:$F$165,MATCH(CRP!$A12,'ERP2020'!$A$8:$A$165,0),MATCH($AC$1,'ERP2020'!$A$7:$F$7,0)),INDEX('ERP2020'!$A$166:$E$190,MATCH(CRP!$A12,'ERP2020'!$A$166:$A$190,0),MATCH($AC$2,'ERP2020'!$A$166:$E$166,0)))*100 -> 2.9095136 | X12: =IFERROR(INDEX('ERP2021'!$A$8:$F$165,MATCH(CRP!$A12,'ERP2021'!$A$8:$A$165,0),MATCH($AC$1,'ERP2021'!$A$7:$F$7,0)),INDEX('ERP2021'!$A$166:$E$190,MATCH(CRP!$A12,'ERP2021'!$A$166:$A$190,0),MATCH($AC$2,'ERP2021'!$A$166:$E$166,0)))*100 -> 2.9709057 | Y12: =IFERROR(INDEX('ERP2022'!$A$8:$F$165,MATCH(CRP!$A12,'ERP2022'!$A$8:$A$165,0),MATCH($AC$1,'ERP2022'!$A$7:$F$7,0)),INDEX('ERP2022'!$A$166:$E$190,MATCH(CRP!$A12,'ERP2022'!$A$166:$A$190,0),MATCH($AC$2,'ERP2022'!$A$166:$E$166,0)))*100 -> 4.320879 | Z12: =IFERROR(INDEX('ERP2023'!$A$8:$F$165,MATCH(CRP!$A12,'ERP2023'!$A$8:$A$165,0),MATCH($AC$1,'ERP2023'!$A$7:$F$7,0)),INDEX('ERP2023'!$A$165:$E$190,MATCH(CRP!$A12,'ERP2023'!$A$165:$A$190,0),MATCH($AC$2,'ERP2023'!$A$165:$E$165,0)))*100 -> 3.6613047 | AA12: =IFERROR(INDEX('ERP2024'!$A$8:$F$165,MATCH(CRP!$A12,'ERP2024'!$A$8:$A$165,0),MATCH($AC$1,'ERP2024'!$A$7:$F$7,0)),INDEX('ERP2024'!$A$166:$E$190,MATCH(CRP!$A12,'ERP2024'!$A$166:$A$190,0),MATCH($AC$2,'ERP2024'!$A$166:$E$166,0)))*100 -> 3.3410003 | AB12: =IFERROR(INDEX('ERP2025'!$A$8:$F$165,MATCH(CRP!$A12,'ERP2025'!$A$8:$A$165,0),MATCH($AC$1,'ERP2025'!$A$7:$F$7,0)),INDEX('ERP2024'!$A$166:$E$190,MATCH(CRP!$A12,'ERP2025'!$A$166:$A$190,0),MATCH($AC$2,'ERP2024'!$A$166:$E$166,0)))*100 -> 3.2513421
A13: Bahamas | B13: BHS | C13: =IFERROR(INDEX('ERP2000'!$A$18:$F$159,MATCH(CRP!$A13,'ERP2000'!$A$18:$A$159,0),MATCH($AC$1,'ERP2000'!$A$20:$F$20,0))*100, "") -> 2.025 | D13: =IFERROR(INDEX('ERP2001'!$A$18:$F$159,MATCH(CRP!$A13,'ERP2001'!$A$18:$A$159,0),MATCH($AC$1,'ERP2001'!$A$20:$F$20,0))*100, "") -> 2.025 | E13: =IFERROR(INDEX('ERP2002'!$A$18:$F$159,MATCH(CRP!$A13,'ERP2002'!$A$18:$A$159,0),MATCH($AC$1,'ERP2002'!$A$21:$F$21,0))*100, "") -> 1.5 | F13: =IFERROR(INDEX('ERP2003'!$A$18:$F$159,MATCH(CRP!$A13,'ERP2003'!$A$18:$A$159,0),MATCH($AC$1,'ERP2003'!$A$21:$F$21,0))*100, "") -> 1.5 | G13: =IFERROR(INDEX('ERP2004'!$A$18:$F$159,MATCH(CRP!$A13,'ERP2004'!$A$18:$A$159,0),MATCH($AC$1,'ERP2004'!$A$21:$F$21,0))*100, "") -> 1.5 | H13: =IFERROR(INDEX('ERP2005'!$A$18:$F$159,MATCH(CRP!$A13,'ERP2005'!$A$18:$A$159,0),MATCH($AC$1,'ERP2005'!$A$21:$F$21,0))*100, "") -> 0.9 | I13: =IFERROR(INDEX('ERP2006'!$A$18:$F$159,MATCH(CRP!$A13,'ERP2006'!$A$18:$A$159,0),MATCH($AC$1,'ERP2006'!$A$21:$F$21,0))*100, "") -> 1.05 | J13: =IFERROR(INDEX('ERP2007'!$A$18:$F$159,MATCH(CRP!$A13,'ERP2007'!$A$18:$A$159,0),MATCH($AC$1,'ERP2007'!$A$21:$F$21,0))*100, "") -> 1.05 | K13: =IFERROR(INDEX('ERP2008'!$A$18:$F$159,MATCH(CRP!$A13,'ERP2008'!$A$18:$A$159,0),MATCH($AC$1,'ERP2008'!$A$21:$F$21,0))*100, "") -> 2.1 | L13: =IFERROR(INDEX('ERP2009'!$A$18:$F$159,MATCH(CRP!$A13,'ERP2009'!$A$18:$A$159,0),MATCH($AC$1,'ERP2009'!$A$18:$F$18,0))*100, "") -> 1.8 | M13: =IFERROR(INDEX('ERP2010'!$A$18:$F$159,MATCH(CRP!$A13,'ERP2010'!$A$18:$A$159,0),MATCH($AC$1,'ERP2010'!$A$18:$F$18,0))*100, "") -> 1.725 | N13: =IFERROR(INDEX('ERP2011'!$A$18:$F$159,MATCH(CRP!$A13,'ERP2011'!$A$18:$A$159,0),MATCH($AC$1,'ERP2011'!$A$18:$F$18,0))*100, "") -> 1.725 | O13: =IFERROR(IFERROR(INDEX('ERP2012'!$A$8:$F$159,MATCH(CRP!$A13,'ERP2012'!$A$8:$A$159,0),MATCH($AC$1,'ERP2012'!$A$7:$F$7,0)),INDEX('ERP2012'!$A$160:$E$184,MATCH(CRP!$A13,'ERP2012'!$A$160:$A$184,0),MATCH($AC$2,'ERP2012'!$A$160:$E$160,0)))*100, "") -> 2.25 | P13: =IFERROR(IFERROR(INDEX('ERP2013'!$A$8:$F$159,MATCH(CRP!$A13,'ERP2013'!$A$8:$A$159,0),MATCH($AC$1,'ERP2013'!$A$7:$F$7,0)),INDEX('ERP2013'!$A$160:$E$184,MATCH(CRP!$A13,'ERP2013'!$A$160:$A$184,0),MATCH($AC$2,'ERP2013'!$A$160:$E$160,0)))*100, "") -> 2.4 | Q13: =IFERROR(IFERROR(INDEX('ERP2014'!$A$8:$F$159,MATCH(CRP!$A13,'ERP2014'!$A$8:$A$159,0),MATCH($AC$1,'ERP2014'!$A$7:$F$7,0)),INDEX('ERP2014'!$A$160:$E$184,MATCH(CRP!$A13,'ERP2014'!$A$160:$A$184,0),MATCH($AC$2,'ERP2014'!$A$160:$E$160,0)))*100, "") -> 2.85 | R13: =IFERROR(IFERROR(INDEX('ERP2015'!$A$8:$F$159,MATCH(CRP!$A13,'ERP2015'!$A$8:$A$159,0),MATCH($AC$1,'ERP2015'!$A$7:$F$7,0)),INDEX('ERP2015'!$A$160:$E$184,MATCH(CRP!$A13,'ERP2015'!$A$160:$A$184,0),MATCH($AC$2,'ERP2015'!$A$160:$E$160,0)))*100, "") -> 2.982 | S13: =IFERROR(IFERROR(INDEX('ERP2016'!$A$8:$F$159,MATCH(CRP!$A13,'ERP2016'!$A$8:$A$159,0),MATCH($AC$1,'ERP2016'!$A$7:$F$7,0)),INDEX('ERP2016'!$A$160:$E$184,MATCH(CRP!$A13,'ERP2016'!$A$160:$A$184,0),MATCH($AC$2,'ERP2016'!$A$160:$E$160,0)))*100, "") -> 3.1290241 | T13: =IFERROR(IFERROR(INDEX('ERP2017'!$A$8:$F$159,MATCH(CRP!$A13,'ERP2017'!$A$8:$A$159,0),MATCH($AC$1,'ERP2017'!$A$7:$F$7,0)),INDEX('ERP2017'!$A$160:$E$190,MATCH(CRP!$A13,'ERP2017'!$A$160:$A$190,0),MATCH($AC$2,Table217[#Headers],0)))*100, "") -> 2.5376657 | U13: =IFERROR(IFERROR(INDEX('ERP2018'!$A$8:$F$159,MATCH(CRP!$A13,'ERP2018'!$A$8:$A$159,0),MATCH($AC$1,'ERP2018'!$A$7:$F$7,0)),INDEX('ERP2018'!$A$163:$E$190,MATCH(CRP!$A13,'ERP2018'!$A$163:$A$190,0),MATCH($AC$2,'ERP2018'!$A$163:$E$163,0)))*100, "") -> 3.0552606 | V13: =IFERROR(IFERROR(INDEX('ERP2019'!$A$8:$F$163,MATCH(CRP!$A13,'ERP2019'!$A$8:$A$163,0),MATCH($AC$1,'ERP2019'!$A$7:$F$7,0)),INDEX('ERP2019'!$A$165:$E$190,MATCH(CRP!$A13,'ERP2019'!$A$165:$A$190,0),MATCH($AC$2,'ERP2019'!$A$165:$E$165,0)))*100, "") -> 2.1709719 | W13: =IFERROR(INDEX('ERP2020'!$A$8:$F$165,MATCH(CRP!$A13,'ERP2020'!$A$8:$A$165,0),MATCH($AC$1,'ERP2020'!$A$7:$F$7,0)),INDEX('ERP2020'!$A$166:$E$190,MATCH(CRP!$A13,'ERP2020'!$A$166:$A$190,0),MATCH($AC$2,'ERP2020'!$A$166:$E$166,0)))*100 -> 2.9095136 | X13: =IFERROR(INDEX('ERP2021'!$A$8:$F$165,MATCH(CRP!$A13,'ERP2021'!$A$8:$A$165,0),MATCH($AC$1,'ERP2021'!$A$7:$F$7,0)),INDEX('ERP2021'!$A$166:$E$190,MATCH(CRP!$A13,'ERP2021'!$A$166:$A$190,0),MATCH($AC$2,'ERP2021'!$A$166:$E$166,0)))*100 -> 3.5597338 | Y13: =IFERROR(INDEX('ERP2022'!$A$8:$F$165,MATCH(CRP!$A13,'ERP2022'!$A$8:$A$165,0),MATCH($AC$1,'ERP2022'!$A$7:$F$7,0)),INDEX('ERP2022'!$A$166:$E$190,MATCH(CRP!$A13,'ERP2022'!$A$166:$A$190,0),MATCH($AC$2,'ERP2022'!$A$166:$E$166,0)))*100 -> 7.7694679 | Z13: =IFERROR(INDEX('ERP2023'!$A$8:$F$165,MATCH(CRP!$A13,'ERP2023'!$A$8:$A$165,0),MATCH($AC$1,'ERP2023'!$A$7:$F$7,0)),INDEX('ERP2023'!$A$165:$E$190,MATCH(CRP!$A13,'ERP2023'!$A$165:$A$190,0),MATCH($AC$2,'ERP2023'!$A$165:$E$165,0)))*100 -> 6.5834727 | AA13: =IFERROR(INDEX('ERP2024'!$A$8:$F$165,MATCH(CRP!$A13,'ERP2024'!$A$8:$A$165,0),MATCH($AC$1,'ERP2024'!$A$7:$F$7,0)),INDEX('ERP2024'!$A$166:$E$190,MATCH(CRP!$A13,'ERP2024'!$A$166:$A$190,0),MATCH($AC$2,'ERP2024'!$A$166:$E$166,0)))*100 -> 6.0075264 | AB13: =IFERROR(INDEX('ERP2025'!$A$8:$F$165,MATCH(CRP!$A13,'ERP2025'!$A$8:$A$165,0),MATCH($AC$1,'ERP2025'!$A$7:$F$7,0)),INDEX('ERP2024'!$A$166:$E$190,MATCH(CRP!$A13,'ERP2025'!$A$166:$A$190,0),MATCH($AC$2,'ERP2024'!$A$166:$E$166,0)))*100 -> 6.659166
A14: Bahrain | B14: BHR | C14: =IFERROR(INDEX('ERP2000'!$A$18:$F$159,MATCH(CRP!$A14,'ERP2000'!$A$18:$A$159,0),MATCH($AC$1,'ERP2000'!$A$20:$F$20,0))*100, "") -> 4.875 | D14: =IFERROR(INDEX('ERP2001'!$A$18:$F$159,MATCH(CRP!$A14,'ERP2001'!$A$18:$A$159,0),MATCH($AC$1,'ERP2001'!$A$20:$F$20,0))*100, "") -> 4.875 | E14: =IFERROR(INDEX('ERP2002'!$A$18:$F$159,MATCH(CRP!$A14,'ERP2002'!$A$18:$A$159,0),MATCH($AC$1,'ERP2002'!$A$21:$F$21,0))*100, "") -> 2.25 | F14: =IFERROR(INDEX('ERP2003'!$A$18:$F$159,MATCH(CRP!$A14,'ERP2003'!$A$18:$A$159,0),MATCH($AC$1,'ERP2003'!$A$21:$F$21,0))*100, "") -> 2.25 | G14: =IFERROR(INDEX('ERP2004'!$A$18:$F$159,MATCH(CRP!$A14,'ERP2004'!$A$18:$A$159,0),MATCH($AC$1,'ERP2004'!$A$21:$F$21,0))*100, "") -> 2.25 | H14: =IFERROR(INDEX('ERP2005'!$A$18:$F$159,MATCH(CRP!$A14,'ERP2005'!$A$18:$A$159,0),MATCH($AC$1,'ERP2005'!$A$21:$F$21,0))*100, "") -> 1.65 | I14: =IFERROR(INDEX('ERP2006'!$A$18:$F$159,MATCH(CRP!$A14,'ERP2006'!$A$18:$A$159,0),MATCH($AC$1,'ERP2006'!$A$21:$F$21,0))*100, "") -> 1.275 | J14: =IFERROR(INDEX('ERP2007'!$A$18:$F$159,MATCH(CRP!$A14,'ERP2007'!$A$18:$A$159,0),MATCH($AC$1,'ERP2007'!$A$21:$F$21,0))*100, "") -> 1.2 | K14: =IFERROR(INDEX('ERP2008'!$A$18:$F$159,MATCH(CRP!$A14,'ERP2008'!$A$18:$A$159,0),MATCH($AC$1,'ERP2008'!$A$21:$F$21,0))*100, "") -> 2.4 | L14: =IFERROR(INDEX('ERP2009'!$A$18:$F$159,MATCH(CRP!$A14,'ERP2009'!$A$18:$A$159,0),MATCH($AC$1,'ERP2009'!$A$18:$F$18,0))*100, "") -> 1.575 | M14: =IFERROR(INDEX('ERP2010'!$A$18:$F$159,MATCH(CRP!$A14,'ERP2010'!$A$18:$A$159,0),MATCH($AC$1,'ERP2010'!$A$18:$F$18,0))*100, "") -> 1.725 | N14: =IFERROR(INDEX('ERP2011'!$A$18:$F$159,MATCH(CRP!$A14,'ERP2011'!$A$18:$A$159,0),MATCH($AC$1,'ERP2011'!$A$18:$F$18,0))*100, "") -> 2.25 | O14: =IFERROR(IFERROR(INDEX('ERP2012'!$A$8:$F$159,MATCH(CRP!$A14,'ERP2012'!$A$8:$A$159,0),MATCH($AC$1,'ERP2012'!$A$7:$F$7,0)),INDEX('ERP2012'!$A$160:$E$184,MATCH(CRP!$A14,'ERP2012'!$A$160:$A$184,0),MATCH($AC$2,'ERP2012'!$A$160:$E$160,0)))*100, "") -> 2.25 | P14: =IFERROR(IFERROR(INDEX('ERP2013'!$A$8:$F$159,MATCH(CRP!$A14,'ERP2013'!$A$8:$A$159,0),MATCH($AC$1,'ERP2013'!$A$7:$F$7,0)),INDEX('ERP2013'!$A$160:$E$184,MATCH(CRP!$A14,'ERP2013'!$A$160:$A$184,0),MATCH($AC$2,'ERP2013'!$A$160:$E$160,0)))*100, "") -> 2.85 | Q14: =IFERROR(IFERROR(INDEX('ERP2014'!$A$8:$F$159,MATCH(CRP!$A14,'ERP2014'!$A$8:$A$159,0),MATCH($AC$1,'ERP2014'!$A$7:$F$7,0)),INDEX('ERP2014'!$A$160:$E$184,MATCH(CRP!$A14,'ERP2014'!$A$160:$A$184,0),MATCH($AC$2,'ERP2014'!$A$160:$E$160,0)))*100, "") -> 2.85 | R14: =IFERROR(IFERROR(INDEX('ERP2015'!$A$8:$F$159,MATCH(CRP!$A14,'ERP2015'!$A$8:$A$159,0),MATCH($AC$1,'ERP2015'!$A$7:$F$7,0)),INDEX('ERP2015'!$A$160:$E$184,MATCH(CRP!$A14,'ERP2015'!$A$160:$A$184,0),MATCH($AC$2,'ERP2015'!$A$160:$E$160,0)))*100, "") -> 4.718 | S14: =IFERROR(IFERROR(INDEX('ERP2016'!$A$8:$F$159,MATCH(CRP!$A14,'ERP2016'!$A$8:$A$159,0),MATCH($AC$1,'ERP2016'!$A$7:$F$7,0)),INDEX('ERP2016'!$A$160:$E$184,MATCH(CRP!$A14,'ERP2016'!$A$160:$A$184,0),MATCH($AC$2,'ERP2016'!$A$160:$E$160,0)))*100, "") -> 4.2703484 | T14: =IFERROR(IFERROR(INDEX('ERP2017'!$A$8:$F$159,MATCH(CRP!$A14,'ERP2017'!$A$8:$A$159,0),MATCH($AC$1,'ERP2017'!$A$7:$F$7,0)),INDEX('ERP2017'!$A$160:$E$190,MATCH(CRP!$A14,'ERP2017'!$A$160:$A$190,0),MATCH($AC$2,Table217[#Headers],0)))*100, "") -> 5.1897345 | U14: =IFERROR(IFERROR(INDEX('ERP2018'!$A$8:$F$159,MATCH(CRP!$A14,'ERP2018'!$A$8:$A$159,0),MATCH($AC$1,'ERP2018'!$A$7:$F$7,0)),INDEX('ERP2018'!$A$163:$E$190,MATCH(CRP!$A14,'ERP2018'!$A$163:$A$190,0),MATCH($AC$2,'ERP2018'!$A$163:$E$163,0)))*100, "") -> 7.6381516 | V14: =IFERROR(IFERROR(INDEX('ERP2019'!$A$8:$F$163,MATCH(CRP!$A14,'ERP2019'!$A$8:$A$163,0),MATCH($AC$1,'ERP2019'!$A$7:$F$7,0)),INDEX('ERP2019'!$A$165:$E$190,MATCH(CRP!$A14,'ERP2019'!$A$165:$A$190,0),MATCH($AC$2,'ERP2019'!$A$165:$E$165,0)))*100, "") -> 5.4274297 | W14: =IFERROR(INDEX('ERP2020'!$A$8:$F$165,MATCH(CRP!$A14,'ERP2020'!$A$8:$A$165,0),MATCH($AC$1,'ERP2020'!$A$7:$F$7,0)),INDEX('ERP2020'!$A$166:$E$190,MATCH(CRP!$A14,'ERP2020'!$A$166:$A$190,0),MATCH($AC$2,'ERP2020'!$A$166:$E$166,0)))*100 -> 5.3297395 | X14: =IFERROR(INDEX('ERP2021'!$A$8:$F$165,MATCH(CRP!$A14,'ERP2021'!$A$8:$A$165,0),MATCH($AC$1,'ERP2021'!$A$7:$F$7,0)),INDEX('ERP2021'!$A$166:$E$190,MATCH(CRP!$A14,'ERP2021'!$A$166:$A$190,0),MATCH($AC$2,'ERP2021'!$A$166:$E$166,0)))*100 -> 5.4421995 | Y14: =IFERROR(INDEX('ERP2022'!$A$8:$F$165,MATCH(CRP!$A14,'ERP2022'!$A$8:$A$165,0),MATCH($AC$1,'ERP2022'!$A$7:$F$7,0)),INDEX('ERP2022'!$A$166:$E$190,MATCH(CRP!$A14,'ERP2022'!$A$166:$A$190,0),MATCH($AC$2,'ERP2022'!$A$166:$E$166,0)))*100 -> 9.4937624 | Z14: =IFERROR(INDEX('ERP2023'!$A$8:$F$165,MATCH(CRP!$A14,'ERP2023'!$A$8:$A$165,0),MATCH($AC$1,'ERP2023'!$A$7:$F$7,0)),INDEX('ERP2023'!$A$165:$E$190,MATCH(CRP!$A14,'ERP2023'!$A$165:$A$190,0),MATCH($AC$2,'ERP2023'!$A$165:$E$165,0)))*100 -> 8.0445567 | AA14: =IFERROR(INDEX('ERP2024'!$A$8:$F$165,MATCH(CRP!$A14,'ERP2024'!$A$8:$A$165,0),MATCH($AC$1,'ERP2024'!$A$7:$F$7,0)),INDEX('ERP2024'!$A$166:$E$190,MATCH(CRP!$A14,'ERP2024'!$A$166:$A$190,0),MATCH($AC$2,'ERP2024'!$A$166:$E$166,0)))*100 -> 7.3407894 | AB14: =IFERROR(INDEX('ERP2025'!$A$8:$F$165,MATCH(CRP!$A14,'ERP2025'!$A$8:$A$165,0),MATCH($AC$1,'ERP2025'!$A$7:$F$7,0)),INDEX('ERP2024'!$A$166:$E$190,MATCH(CRP!$A14,'ERP2025'!$A$166:$A$190,0),MATCH($AC$2,'ERP2024'!$A$166:$E$166,0)))*100 -> 8.1370487
... A179: Zimbabwe | B179: ZWE | C179: =IFERROR(INDEX('ERP2000'!$A$18:$F$159,MATCH(CRP!$A179,'ERP2000'!$A$18:$A$159,0),MATCH($AC$1,'ERP2000'!$A$20:$F$20,0))*100, "") | D179: =IFERROR(INDEX('ERP2001'!$A$18:$F$159,MATCH(CRP!$A179,'ERP2001'!$A$18:$A$159,0),MATCH($AC$1,'ERP2001'!$A$20:$F$20,0))*100, "") | E179: =IFERROR(INDEX('ERP2002'!$A$18:$F$159,MATCH(CRP!$A179,'ERP2002'!$A$18:$A$159,0),MATCH($AC$1,'ERP2002'!$A$21:$F$21,0))*100, "") | F179: =IFERROR(INDEX('ERP2003'!$A$18:$F$159,MATCH(CRP!$A179,'ERP2003'!$A$18:$A$159,0),MATCH($AC$1,'ERP2003'!$A$21:$F$21,0))*100, "") | G179: =IFERROR(INDEX('ERP2004'!$A$18:$F$159,MATCH(CRP!$A179,'ERP2004'!$A$18:$A$159,0),MATCH($AC$1,'ERP2004'!$A$21:$F$21,0))*100, "") | H179: =IFERROR(INDEX('ERP2005'!$A$18:$F$159,MATCH(CRP!$A179,'ERP2005'!$A$18:$A$159,0),MATCH($AC$1,'ERP2005'!$A$21:$F$21,0))*100, "") | I179: =IFERROR(INDEX('ERP2006'!$A$18:$F$159,MATCH(CRP!$A179,'ERP2006'!$A$18:$A$159,0),MATCH($AC$1,'ERP2006'!$A$21:$F$21,0))*100, "") | J179: =IFERROR(INDEX('ERP2007'!$A$18:$F$159,MATCH(CRP!$A179,'ERP2007'!$A$18:$A$159,0),MATCH($AC$1,'ERP2007'!$A$21:$F$21,0))*100, "") | K179: =IFERROR(INDEX('ERP2008'!$A$18:$F$159,MATCH(CRP!$A179,'ERP2008'!$A$18:$A$159,0),MATCH($AC$1,'ERP2008'!$A$21:$F$21,0))*100, "") | L179: =IFERROR(INDEX('ERP2009'!$A$18:$F$159,MATCH(CRP!$A179,'ERP2009'!$A$18:$A$159,0),MATCH($AC$1,'ERP2009'!$A$18:$F$18,0))*100, "") | M179: =IFERROR(INDEX('ERP2010'!$A$18:$F$159,MATCH(CRP!$A179,'ERP2010'!$A$18:$A$159,0),MATCH($AC$1,'ERP2010'!$A$18:$F$18,0))*100, "") | N179: =IFERROR(INDEX('ERP2011'!$A$18:$F$159,MATCH(CRP!$A179,'ERP2011'!$A$18:$A$159,0),MATCH($AC$1,'ERP2011'!$A$18:$F$18,0))*100, "") | O179: =IFERROR(IFERROR(INDEX('ERP2012'!$A$8:$F$159,MATCH(CRP!$A179,'ERP2012'!$A$8:$A$159,0),MATCH($AC$1,'ERP2012'!$A$7:$F$7,0)),INDEX('ERP2012'!$A$160:$E$184,MATCH(CRP!$A179,'ERP2012'!$A$160:$A$184,0),MATCH($AC$2,'ERP2012'!$A$160:$E$160,0)))*100, "") | P179: =IFERROR(IFERROR(INDEX('ERP2013'!$A$8:$F$159,MATCH(CRP!$A179,'ERP2013'!$A$8:$A$159,0),MATCH($AC$1,'ERP2013'!$A$7:$F$7,0)),INDEX('ERP2013'!$A$160:$E$184,MATCH(CRP!$A179,'ERP2013'!$A$160:$A$184,0),MATCH($AC$2,'ERP2013'!$A$160:$E$160,0)))*100, "") | Q179: =IFERROR(IFERROR(INDEX('ERP2014'!$A$8:$F$159,MATCH(CRP!$A179,'ERP2014'!$A$8:$A$159,0),MATCH($AC$1,'ERP2014'!$A$7:$F$7,0)),INDEX('ERP2014'!$A$160:$E$184,MATCH(CRP!$A179,'ERP2014'!$A$160:$A$184,0),MATCH($AC$2,'ERP2014'!$A$160:$E$160,0)))*100, "") | R179: =IFERROR(IFERROR(INDEX('ERP2015'!$A$8:$F$159,MATCH(CRP!$A179,'ERP2015'!$A$8:$A$159,0),MATCH($AC$1,'ERP2015'!$A$7:$F$7,0)),INDEX('ERP2015'!$A$160:$E$184,MATCH(CRP!$A179,'ERP2015'!$A$160:$A$184,0),MATCH($AC$2,'ERP2015'!$A$160:$E$160,0)))*100, "") -> 10.99 | S179: =IFERROR(IFERROR(INDEX('ERP2016'!$A$8:$F$159,MATCH(CRP!$A179,'ERP2016'!$A$8:$A$159,0),MATCH($AC$1,'ERP2016'!$A$7:$F$7,0)),INDEX('ERP2016'!$A$160:$E$184,MATCH(CRP!$A179,'ERP2016'!$A$160:$A$184,0),MATCH($AC$2,'ERP2016'!$A$160:$E$160,0)))*100, "") -> 9.6591223 | T179: =IFERROR(IFERROR(INDEX('ERP2017'!$A$8:$F$159,MATCH(CRP!$A179,'ERP2017'!$A$8:$A$159,0),MATCH($AC$1,'ERP2017'!$A$7:$F$7,0)),INDEX('ERP2017'!$A$160:$E$190,MATCH(CRP!$A179,'ERP2017'!$A$160:$A$190,0),MATCH($AC$2,Table217[#Headers],0)))*100, "") -> 10.377514 | U179: =IFERROR(IFERROR(INDEX('ERP2018'!$A$8:$F$159,MATCH(CRP!$A179,'ERP2018'!$A$8:$A$159,0),MATCH($AC$1,'ERP2018'!$A$7:$F$7,0)),INDEX('ERP2018'!$A$163:$E$190,MATCH(CRP!$A179,'ERP2018'!$A$163:$A$190,0),MATCH($AC$2,'ERP2018'!$A$163:$E$163,0)))*100, "") -> 12.496517 | V179: =IFERROR(IFERROR(INDEX('ERP2019'!$A$8:$F$163,MATCH(CRP!$A179,'ERP2019'!$A$8:$A$163,0),MATCH($AC$1,'ERP2019'!$A$7:$F$7,0)),INDEX('ERP2019'!$A$165:$E$190,MATCH(CRP!$A179,'ERP2019'!$A$165:$A$190,0),MATCH($AC$2,'ERP2019'!$A$165:$E$165,0)))*100, "") -> 11.833576 | W179: =IFERROR(INDEX('ERP2020'!$A$8:$F$165,MATCH(CRP!$A179,'ERP2020'!$A$8:$A$165,0),MATCH($AC$1,'ERP2020'!$A$7:$F$7,0)),INDEX('ERP2020'!$A$166:$E$190,MATCH(CRP!$A179,'ERP2020'!$A$166:$A$190,0),MATCH($AC$2,'ERP2020'!$A$166:$E$166,0)))*100 -> 11.62058 | X179: =IFERROR(INDEX('ERP2021'!$A$8:$F$165,MATCH(CRP!$A179,'ERP2021'!$A$8:$A$165,0),MATCH($AC$1,'ERP2021'!$A$7:$F$7,0)),INDEX('ERP2021'!$A$166:$E$190,MATCH(CRP!$A179,'ERP2021'!$A$166:$A$190,0),MATCH($AC$2,'ERP2021'!$A$166:$E$166,0)))*100 -> 7.4138817 | Y179: =IFERROR(INDEX('ERP2022'!$A$8:$F$165,MATCH(CRP!$A179,'ERP2022'!$A$8:$A$165,0),MATCH($AC$1,'ERP2022'!$A$7:$F$7,0)),INDEX('ERP2022'!$A$166:$E$190,MATCH(CRP!$A179,'ERP2022'!$A$166:$A$190,0),MATCH($AC$2,'ERP2022'!$A$166:$E$166,0)))*100 -> 12.942351 | Z179: =IFERROR(INDEX('ERP2023'!$A$8:$F$165,MATCH(CRP!$A179,'ERP2023'!$A$8:$A$165,0),MATCH($AC$1,'ERP2023'!$A$7:$F$7,0)),INDEX('ERP2023'!$A$165:$E$190,MATCH(CRP!$A179,'ERP2023'!$A$165:$A$190,0),MATCH($AC$2,'ERP2023'!$A$165:$E$165,0)))*100 -> 13.166945 | AA179: =IFERROR(INDEX('ERP2024'!$A$8:$F$165,MATCH(CRP!$A179,'ERP2024'!$A$8:$A$165,0),MATCH($AC$1,'ERP2024'!$A$7:$F$7,0)),INDEX('ERP2024'!$A$166:$E$190,MATCH(CRP!$A179,'ERP2024'!$A$166:$A$190,0),MATCH($AC$2,'ERP2024'!$A$166:$E$166,0)))*100 -> 12.015053 | AB179: =IFERROR(INDEX('ERP2025'!$A$8:$F$165,MATCH(CRP!$A179,'ERP2025'!$A$8:$A$165,0),MATCH($AC$1,'ERP2025'!$A$7:$F$7,0)),INDEX('ERP2024'!$A$166:$E$190,MATCH(CRP!$A179,'ERP2025'!$A$166:$A$190,0),MATCH($AC$2,'ERP2024'!$A$166:$E$166,0)))*100 -> 12.015053

Sheet CDS
A1: Country | B1: Country code | C1: 2000 | D1: 2001 | E1: 2002 | F1: 2003 | G1: 2004 | H1: 2005 | I1: 2006 | J1: 2007 | K1: 2008 | L1: 2009 | M1: 2010 | N1: 2011 | O1: 2012 | P1: 2013 | Q1: 2014 | R1: 2015 | S1: 2016 | T1: 2017 | U1: 2018 | V1: 2019 | W1: 2020 | X1: 2021 | Y1: 2022 | Z1: 2023 | AA1: 2024 | AB1: 2025 | AC1: Rating-based Default Spread
A2: ERP | B2: ERP | C2: ='ERP2000'!E8*100 -> 5.51 | D2: ='ERP2001'!E8*100 -> 5.51 | E2: ='ERP2002'!E9*100 -> 4.51 | F2: ='ERP2003'!E9*100 -> 4.82 | G2: ='ERP2004'!E9*100 -> 4.84 | H2: ='ERP2005'!E9*100 -> 4.8 | I2: ='ERP2006'!E9*100 -> 4.91 | J2: ='ERP2007'!E9*100 -> 4.79 | K2: ='ERP2008'!E9*100 -> 5 | L2: ='ERP2009'!E9*100 -> 4.5 | M2: ='ERP2010'!E9*100 -> 5 | N2: ='ERP2011'!E9*100 -> 6 | O2: ='ERP2012'!E3*100 -> 5.8 | P2: ='ERP2013'!E3*100 -> 5 | Q2: ='ERP2014'!E3*100 -> 5.75 | R2: ='ERP2015'!E3*100 -> 6.25 | S2: ='ERP2016'!E3*100 -> 5.69 | T2: ='ERP2017'!E3*100 -> 5.08 | U2: ='ERP2018'!E3*100 -> 5.96 | V2: ='ERP2019'!E3*100 -> 5.2 | W2: ='ERP2020'!E3*100 -> 4.72 | X2: ='ERP2021'!E3*100 -> 4.24 | Y2: ='ERP2022'!E3*100 -> 5.94 | Z2: ='ERP2023'!E3*100 -> 4.6 | AA2: ='ERP2024'!E3*100 -> 4.33 | AB2: ='ERP2025'!E3*100 -> 4.21 | AC2: Default Spread
A3: Abu Dhabi | B3: ABD | C3: =IFERROR(CRP!C3/1.5, "") | D3: =IFERROR(CRP!D3/1.5, "") | E3: =IFERROR(CRP!E3/1.5, "") | F3: =IFERROR(CRP!F3/1.5, "") | G3: =IFERROR(CRP!G3/1.5, "") | H3: =IFERROR(CRP!H3/1.5, "") | I3: =IFERROR(CRP!I3/1.5, "") | J3: =IFERROR(CRP!J3/1.5, "") | ... O3: =IFERROR(CRP!O3/1.5, "") | P3: =IFERROR(IFERROR(INDEX('ERP2013'!$A$8:$F$159,MATCH(CDS!$A3,'ERP2013'!$A$8:$A$159,0),MATCH($AC$1,'ERP2013'!$A$7:$F$7,0)),INDEX('ERP2013'!$A$160:$E$184,MATCH(CDS!$A3,'ERP2013'!$A$160:$A$184,0),MATCH($AC$2,'ERP2013'!$A$160:$E$160,0)))*100, "") -> 0.5 | Q3: =IFERROR(IFERROR(INDEX('ERP2014'!$A$8:$F$159,MATCH(CDS!$A3,'ERP2014'!$A$8:$A$159,0),MATCH($AC$1,'ERP2014'!$A$7:$F$7,0)),INDEX('ERP2014'!$A$160:$E$184,MATCH(CDS!$A3,'ERP2014'!$A$160:$A$184,0),MATCH($AC$2,'ERP2014'!$A$160:$E$160,0)))*100, "") -> 0.5 | R3: =IFERROR(IFERROR(INDEX('ERP2015'!$A$8:$F$159,MATCH(CDS!$A3,'ERP2015'!$A$8:$A$159,0),MATCH($AC$1,'ERP2015'!$A$7:$F$7,0)),INDEX('ERP2015'!$A$160:$E$184,MATCH(CDS!$A3,'ERP2015'!$A$160:$A$184,0),MATCH($AC$2,'ERP2015'!$A$160:$E$160,0)))*100, "") -> 0.56 | S3: =IFERROR(IFERROR(INDEX('ERP2016'!$A$8:$F$159,MATCH(CDS!$A3,'ERP2016'!$A$8:$A$159,0),MATCH($AC$1,'ERP2016'!$A$7:$F$7,0)),INDEX('ERP2016'!$A$160:$E$184,MATCH(CDS!$A3,'ERP2016'!$A$160:$A$184,0),MATCH($AC$2,'ERP2016'!$A$160:$E$160,0)))*100, "") -> 0.57321 | T3: =IFERROR(IFERROR(INDEX('ERP2017'!$A$8:$F$159,MATCH(CDS!$A3,'ERP2017'!$A$8:$A$159,0),MATCH($AC$1,'ERP2017'!$A$7:$F$7,0)),INDEX('ERP2017'!$A$160:$E$190,MATCH(CDS!$A3,'ERP2017'!$A$160:$A$190,0),MATCH($AC$2,Table217[#Headers],0)))*100, "") -> 0.50876317 | U3: =IFERROR(IFERROR(INDEX('ERP2018'!$A$8:$F$159,MATCH(CDS!$A3,'ERP2018'!$A$8:$A$159,0),MATCH($AC$1,'ERP2018'!$A$7:$F$7,0)),INDEX('ERP2018'!$A$163:$E$190,MATCH(CDS!$A3,'ERP2018'!$A$163:$A$190,0),MATCH($AC$2,'ERP2018'!$A$163:$E$163,0)))*100, "") -> 0.5598726 | V3: =IFERROR(IFERROR(INDEX('ERP2019'!$A$8:$F$163,MATCH(CDS!$A3,'ERP2019'!$A$8:$A$163,0),MATCH($AC$1,'ERP2019'!$A$7:$F$7,0)),INDEX('ERP2019'!$A$165:$E$190,MATCH(CDS!$A3,'ERP2019'!$A$165:$A$190,0),MATCH($AC$2,'ERP2019'!$A$165:$E$165,0)))*100, "") -> 0.41485744 | W3: =IFERROR(INDEX('ERP2020'!$A$8:$F$165,MATCH(CDS!$A3,'ERP2020'!$A$8:$A$165,0),MATCH($AC$1,'ERP2020'!$A$7:$F$7,0)),INDEX('ERP2020'!$A$166:$E$190,MATCH(CDS!$A3,'ERP2020'!$A$166:$A$190,0),MATCH($AC$2,'ERP2020'!$A$166:$E$166,0)))*100 -> 0.43848898 | X3: =IFERROR(INDEX('ERP2021'!$A$8:$F$165,MATCH(CDS!$A3,'ERP2021'!$A$8:$A$165,0),MATCH($AC$1,'ERP2021'!$A$7:$F$7,0)),INDEX('ERP2021'!$A$166:$E$190,MATCH(CDS!$A3,'ERP2021'!$A$166:$A$190,0),MATCH($AC$2,'ERP2021'!$A$166:$E$166,0)))*100 -> 0.42218748 | Y3: =IFERROR(INDEX('ERP2022'!$A$8:$F$165,MATCH(CDS!$A3,'ERP2022'!$A$8:$A$165,0),MATCH($AC$1,'ERP2022'!$A$7:$F$7,0)),INDEX('ERP2022'!$A$166:$E$190,MATCH(CDS!$A3,'ERP2022'!$A$166:$A$190,0),MATCH($AC$2,'ERP2022'!$A$166:$E$166,0)))*100 -> 0.60399083 | Z3: =IFERROR(INDEX('ERP2023'!$A$8:$F$165,MATCH(CDS!$A3,'ERP2023'!$A$8:$A$165,0),MATCH($AC$1,'ERP2023'!$A$7:$F$7,0)),INDEX('ERP2023'!$A$165:$E$190,MATCH(CDS!$A3,'ERP2023'!$A$165:$A$190,0),MATCH($AC$2,'ERP2023'!$A$165:$E$165,0)))*100 -> 0.53778763 | AA3: =IFERROR(INDEX('ERP2024'!$A$8:$F$165,MATCH(CDS!$A3,'ERP2024'!$A$8:$A$165,0),MATCH($AC$1,'ERP2024'!$A$7:$F$7,0)),INDEX('ERP2024'!$A$166:$E$190,MATCH(CDS!$A3,'ERP2024'!$A$166:$A$190,0),MATCH($AC$2,'ERP2024'!$A$166:$E$166,0)))*100 -> 0.48889784 | AB3: =IFERROR(INDEX('ERP2025'!$A$8:$F$165,MATCH(CDS!$A3,'ERP2025'!$A$8:$A$165,0),MATCH($AC$1,'ERP2025'!$A$7:$F$7,0)),INDEX('ERP2024'!$A$166:$E$190,MATCH(CDS!$A3,'ERP2025'!$A$166:$A$190,0),MATCH($AC$2,'ERP2025'!$A$166:$E$166,0)))*100 -> 0.4853551
A4: Albania | B4: ALB | C4: =IFERROR(CRP!C4/1.5, "") | D4: =IFERROR(CRP!D4/1.5, "") | E4: =IFERROR(CRP!E4/1.5, "") | F4: =IFERROR(CRP!F4/1.5, "") | G4: =IFERROR(CRP!G4/1.5, "") | H4: =IFERROR(CRP!H4/1.5, "") | I4: =IFERROR(CRP!I4/1.5, "") | J4: =IFERROR(CRP!J4/1.5, "") -> 3.5 | ... O4: =IFERROR(CRP!O4/1.5, "") -> 4 | P4: =IFERROR(IFERROR(INDEX('ERP2013'!$A$8:$F$159,MATCH(CDS!$A4,'ERP2013'!$A$8:$A$159,0),MATCH($AC$1,'ERP2013'!$A$7:$F$7,0)),INDEX('ERP2013'!$A$160:$E$184,MATCH(CDS!$A4,'ERP2013'!$A$160:$A$184,0),MATCH($AC$2,'ERP2013'!$A$160:$E$160,0)))*100, "") -> 4.5 | Q4: =IFERROR(IFERROR(INDEX('ERP2014'!$A$8:$F$159,MATCH(CDS!$A4,'ERP2014'!$A$8:$A$159,0),MATCH($AC$1,'ERP2014'!$A$7:$F$7,0)),INDEX('ERP2014'!$A$160:$E$184,MATCH(CDS!$A4,'ERP2014'!$A$160:$A$184,0),MATCH($AC$2,'ERP2014'!$A$160:$E$160,0)))*100, "") -> 4.5 | R4: =IFERROR(IFERROR(INDEX('ERP2015'!$A$8:$F$159,MATCH(CDS!$A4,'ERP2015'!$A$8:$A$159,0),MATCH($AC$1,'ERP2015'!$A$7:$F$7,0)),INDEX('ERP2015'!$A$160:$E$184,MATCH(CDS!$A4,'ERP2015'!$A$160:$A$184,0),MATCH($AC$2,'ERP2015'!$A$160:$E$160,0)))*100, "") -> 5.05 | S4: =IFERROR(IFERROR(INDEX('ERP2016'!$A$8:$F$159,MATCH(CDS!$A4,'ERP2016'!$A$8:$A$159,0),MATCH($AC$1,'ERP2016'!$A$7:$F$7,0)),INDEX('ERP2016'!$A$160:$E$184,MATCH(CDS!$A4,'ERP2016'!$A$160:$A$184,0),MATCH($AC$2,'ERP2016'!$A$160:$E$160,0)))*100, "") -> 5.200578 | T4: =IFERROR(IFERROR(INDEX('ERP2017'!$A$8:$F$159,MATCH(CDS!$A4,'ERP2017'!$A$8:$A$159,0),MATCH($AC$1,'ERP2017'!$A$7:$F$7,0)),INDEX('ERP2017'!$A$160:$E$190,MATCH(CDS!$A4,'ERP2017'!$A$160:$A$190,0),MATCH($AC$2,Table217[#Headers],0)))*100, "") -> 4.6158695 | U4: =IFERROR(IFERROR(INDEX('ERP2018'!$A$8:$F$159,MATCH(CDS!$A4,'ERP2018'!$A$8:$A$159,0),MATCH($AC$1,'ERP2018'!$A$7:$F$7,0)),INDEX('ERP2018'!$A$163:$E$190,MATCH(CDS!$A4,'ERP2018'!$A$163:$A$190,0),MATCH($AC$2,'ERP2018'!$A$163:$E$163,0)))*100, "") -> 5.0795714 | V4: =IFERROR(IFERROR(INDEX('ERP2019'!$A$8:$F$163,MATCH(CDS!$A4,'ERP2019'!$A$8:$A$163,0),MATCH($AC$1,'ERP2019'!$A$7:$F$7,0)),INDEX('ERP2019'!$A$165:$E$190,MATCH(CDS!$A4,'ERP2019'!$A$165:$A$190,0),MATCH($AC$2,'ERP2019'!$A$165:$E$165,0)))*100, "") -> 3.7638884 | W4: =IFERROR(INDEX('ERP2020'!$A$8:$F$165,MATCH(CDS!$A4,'ERP2020'!$A$8:$A$165,0),MATCH($AC$1,'ERP2020'!$A$7:$F$7,0)),INDEX('ERP2020'!$A$166:$E$190,MATCH(CDS!$A4,'ERP2020'!$A$166:$A$190,0),MATCH($AC$2,'ERP2020'!$A$166:$E$166,0)))*100 -> 3.9782909 | X4: =IFERROR(INDEX('ERP2021'!$A$8:$F$165,MATCH(CDS!$A4,'ERP2021'!$A$8:$A$165,0),MATCH($AC$1,'ERP2021'!$A$7:$F$7,0)),INDEX('ERP2021'!$A$166:$E$190,MATCH(CDS!$A4,'ERP2021'!$A$166:$A$190,0),MATCH($AC$2,'ERP2021'!$A$166:$E$166,0)))*100 -> 3.8303918 | Y4: =IFERROR(INDEX('ERP2022'!$A$8:$F$165,MATCH(CDS!$A4,'ERP2022'!$A$8:$A$165,0),MATCH($AC$1,'ERP2022'!$A$7:$F$7,0)),INDEX('ERP2022'!$A$166:$E$190,MATCH(CDS!$A4,'ERP2022'!$A$166:$A$190,0),MATCH($AC$2,'ERP2022'!$A$166:$E$166,0)))*100 -> 5.5078211 | Z4: =IFERROR(INDEX('ERP2023'!$A$8:$F$165,MATCH(CDS!$A4,'ERP2023'!$A$8:$A$165,0),MATCH($AC$1,'ERP2023'!$A$7:$F$7,0)),INDEX('ERP2023'!$A$165:$E$190,MATCH(CDS!$A4,'ERP2023'!$A$165:$A$190,0),MATCH($AC$2,'ERP2023'!$A$165:$E$165,0)))*100 -> 4.904111 | AA4: =IFERROR(INDEX('ERP2024'!$A$8:$F$165,MATCH(CDS!$A4,'ERP2024'!$A$8:$A$165,0),MATCH($AC$1,'ERP2024'!$A$7:$F$7,0)),INDEX('ERP2024'!$A$166:$E$190,MATCH(CDS!$A4,'ERP2024'!$A$166:$A$190,0),MATCH($AC$2,'ERP2024'!$A$166:$E$166,0)))*100 -> 3.56197 | AB4: =IFERROR(INDEX('ERP2025'!$A$8:$F$165,MATCH(CDS!$A4,'ERP2025'!$A$8:$A$165,0),MATCH($AC$1,'ERP2025'!$A$7:$F$7,0)),INDEX('ERP2024'!$A$166:$E$190,MATCH(CDS!$A4,'ERP2025'!$A$166:$A$190,0),MATCH($AC$2,'ERP2025'!$A$166:$E$166,0)))*100 -> 3.5361586
A5: Andorra (Principality of) | B5: AND | C5: =IFERROR(CRP!C5/1.5, "") | D5: =IFERROR(CRP!D5/1.5, "") | E5: =IFERROR(CRP!E5/1.5, "") | F5: =IFERROR(CRP!F5/1.5, "") | G5: =IFERROR(CRP!G5/1.5, "") | H5: =IFERROR(CRP!H5/1.5, "") | I5: =IFERROR(CRP!I5/1.5, "") | J5: =IFERROR(CRP!J5/1.5, "") | ... O5: =IFERROR(CRP!O5/1.5, "") | P5: =IFERROR(IFERROR(INDEX('ERP2013'!$A$8:$F$159,MATCH(CDS!$A5,'ERP2013'!$A$8:$A$159,0),MATCH($AC$1,'ERP2013'!$A$7:$F$7,0)),INDEX('ERP2013'!$A$160:$E$184,MATCH(CDS!$A5,'ERP2013'!$A$160:$A$184,0),MATCH($AC$2,'ERP2013'!$A$160:$E$160,0)))*100, "") | Q5: =IFERROR(IFERROR(INDEX('ERP2014'!$A$8:$F$159,MATCH(CDS!$A5,'ERP2014'!$A$8:$A$159,0),MATCH($AC$1,'ERP2014'!$A$7:$F$7,0)),INDEX('ERP2014'!$A$160:$E$184,MATCH(CDS!$A5,'ERP2014'!$A$160:$A$184,0),MATCH($AC$2,'ERP2014'!$A$160:$E$160,0)))*100, "") -> 1.6 | R5: =IFERROR(IFERROR(INDEX('ERP2015'!$A$8:$F$159,MATCH(CDS!$A5,'ERP2015'!$A$8:$A$159,0),MATCH($AC$1,'ERP2015'!$A$7:$F$7,0)),INDEX('ERP2015'!$A$160:$E$184,MATCH(CDS!$A5,'ERP2015'!$A$160:$A$184,0),MATCH($AC$2,'ERP2015'!$A$160:$E$160,0)))*100, "") -> 2.47 | S5: =IFERROR(IFERROR(INDEX('ERP2016'!$A$8:$F$159,MATCH(CDS!$A5,'ERP2016'!$A$8:$A$159,0),MATCH($AC$1,'ERP2016'!$A$7:$F$7,0)),INDEX('ERP2016'!$A$160:$E$184,MATCH(CDS!$A5,'ERP2016'!$A$160:$A$184,0),MATCH($AC$2,'ERP2016'!$A$160:$E$160,0)))*100, "") -> 2.542968 | T5: =IFERROR(IFERROR(INDEX('ERP2017'!$A$8:$F$159,MATCH(CDS!$A5,'ERP2017'!$A$8:$A$159,0),MATCH($AC$1,'ERP2017'!$A$7:$F$7,0)),INDEX('ERP2017'!$A$160:$E$190,MATCH(CDS!$A5,'ERP2017'!$A$160:$A$190,0),MATCH($AC$2,Table217[#Headers],0)))*100, "") -> 1.9518005 | U5: =IFERROR(IFERROR(INDEX('ERP2018'!$A$8:$F$159,MATCH(CDS!$A5,'ERP2018'!$A$8:$A$159,0),MATCH($AC$1,'ERP2018'!$A$7:$F$7,0)),INDEX('ERP2018'!$A$163:$E$190,MATCH(CDS!$A5,'ERP2018'!$A$163:$A$190,0),MATCH($AC$2,'ERP2018'!$A$163:$E$163,0)))*100, "") -> 2.1478749 | V5: =IFERROR(IFERROR(INDEX('ERP2019'!$A$8:$F$163,MATCH(CDS!$A5,'ERP2019'!$A$8:$A$163,0),MATCH($AC$1,'ERP2019'!$A$7:$F$7,0)),INDEX('ERP2019'!$A$165:$E$190,MATCH(CDS!$A5,'ERP2019'!$A$165:$A$190,0),MATCH($AC$2,'ERP2019'!$A$165:$E$165,0)))*100, "") -> 1.591544 | W5: =IFERROR(INDEX('ERP2020'!$A$8:$F$165,MATCH(CDS!$A5,'ERP2020'!$A$8:$A$165,0),MATCH($AC$1,'ERP2020'!$A$7:$F$7,0)),INDEX('ERP2020'!$A$166:$E$190,MATCH(CDS!$A5,'ERP2020'!$A$166:$A$190,0),MATCH($AC$2,'ERP2020'!$A$166:$E$166,0)))*100 -> 6.6251699 | X5: =IFERROR(INDEX('ERP2021'!$A$8:$F$165,MATCH(CDS!$A5,'ERP2021'!$A$8:$A$165,0),MATCH($AC$1,'ERP2021'!$A$7:$F$7,0)),INDEX('ERP2021'!$A$166:$E$190,MATCH(CDS!$A5,'ERP2021'!$A$166:$A$190,0),MATCH($AC$2,'ERP2021'!$A$166:$E$166,0)))*100 -> 1.6196647 | Y5: =IFERROR(INDEX('ERP2022'!$A$8:$F$165,MATCH(CDS!$A5,'ERP2022'!$A$8:$A$165,0),MATCH($AC$1,'ERP2022'!$A$7:$F$7,0)),INDEX('ERP2022'!$A$166:$E$190,MATCH(CDS!$A5,'ERP2022'!$A$166:$A$190,0),MATCH($AC$2,'ERP2022'!$A$166:$E$166,0)))*100 -> 2.3296789 | Z5: =IFERROR(INDEX('ERP2023'!$A$8:$F$165,MATCH(CDS!$A5,'ERP2023'!$A$8:$A$165,0),MATCH($AC$1,'ERP2023'!$A$7:$F$7,0)),INDEX('ERP2023'!$A$165:$E$190,MATCH(CDS!$A5,'ERP2023'!$A$165:$A$190,0),MATCH($AC$2,'ERP2023'!$A$165:$E$165,0)))*100 -> 2.0743237 | AA5: =IFERROR(INDEX('ERP2024'!$A$8:$F$165,MATCH(CDS!$A5,'ERP2024'!$A$8:$A$165,0),MATCH($AC$1,'ERP2024'!$A$7:$F$7,0)),INDEX('ERP2024'!$A$166:$E$190,MATCH(CDS!$A5,'ERP2024'!$A$166:$A$190,0),MATCH($AC$2,'ERP2024'!$A$166:$E$166,0)))*100 -> 1.5830978 | AB5: =IFERROR(INDEX('ERP2025'!$A$8:$F$165,MATCH(CDS!$A5,'ERP2025'!$A$8:$A$165,0),MATCH($AC$1,'ERP2025'!$A$7:$F$7,0)),INDEX('ERP2024'!$A$166:$E$190,MATCH(CDS!$A5,'ERP2025'!$A$166:$A$190,0),MATCH($AC$2,'ERP2025'!$A$166:$E$166,0)))*100 -> 1.5716261
A6: Angola | B6: AGO | C6: =IFERROR(CRP!C6/1.5, "") | D6: =IFERROR(CRP!D6/1.5, "") | E6: =IFERROR(CRP!E6/1.5, "") | F6: =IFERROR(CRP!F6/1.5, "") | G6: =IFERROR(CRP!G6/1.5, "") | H6: =IFERROR(CRP!H6/1.5, "") | I6: =IFERROR(CRP!I6/1.5, "") | J6: =IFERROR(CRP!J6/1.5, "") | ... O6: =IFERROR(CRP!O6/1.5, "") -> 3.25 | P6: =IFERROR(IFERROR(INDEX('ERP2013'!$A$8:$F$159,MATCH(CDS!$A6,'ERP2013'!$A$8:$A$159,0),MATCH($AC$1,'ERP2013'!$A$7:$F$7,0)),INDEX('ERP2013'!$A$160:$E$184,MATCH(CDS!$A6,'ERP2013'!$A$160:$A$184,0),MATCH($AC$2,'ERP2013'!$A$160:$E$160,0)))*100, "") -> 3.6 | Q6: =IFERROR(IFERROR(INDEX('ERP2014'!$A$8:$F$159,MATCH(CDS!$A6,'ERP2014'!$A$8:$A$159,0),MATCH($AC$1,'ERP2014'!$A$7:$F$7,0)),INDEX('ERP2014'!$A$160:$E$184,MATCH(CDS!$A6,'ERP2014'!$A$160:$A$184,0),MATCH($AC$2,'ERP2014'!$A$160:$E$160,0)))*100, "") -> 3 | R6: =IFERROR(IFERROR(INDEX('ERP2015'!$A$8:$F$159,MATCH(CDS!$A6,'ERP2015'!$A$8:$A$159,0),MATCH($AC$1,'ERP2015'!$A$7:$F$7,0)),INDEX('ERP2015'!$A$160:$E$184,MATCH(CDS!$A6,'ERP2015'!$A$160:$A$184,0),MATCH($AC$2,'ERP2015'!$A$160:$E$160,0)))*100, "") -> 5.05 | S6: =IFERROR(IFERROR(INDEX('ERP2016'!$A$8:$F$159,MATCH(CDS!$A6,'ERP2016'!$A$8:$A$159,0),MATCH($AC$1,'ERP2016'!$A$7:$F$7,0)),INDEX('ERP2016'!$A$160:$E$184,MATCH(CDS!$A6,'ERP2016'!$A$160:$A$184,0),MATCH($AC$2,'ERP2016'!$A$160:$E$160,0)))*100, "") -> 5.200578 | T6: =IFERROR(IFERROR(INDEX('ERP2017'!$A$8:$F$159,MATCH(CDS!$A6,'ERP2017'!$A$8:$A$159,0),MATCH($AC$1,'ERP2017'!$A$7:$F$7,0)),INDEX('ERP2017'!$A$160:$E$190,MATCH(CDS!$A6,'ERP2017'!$A$160:$A$190,0),MATCH($AC$2,Table217[#Headers],0)))*100, "") -> 5.642646 | U6: =IFERROR(IFERROR(INDEX('ERP2018'!$A$8:$F$159,MATCH(CDS!$A6,'ERP2018'!$A$8:$A$159,0),MATCH($AC$1,'ERP2018'!$A$7:$F$7,0)),INDEX('ERP2018'!$A$163:$E$190,MATCH(CDS!$A6,'ERP2018'!$A$163:$A$190,0),MATCH($AC$2,'ERP2018'!$A$163:$E$163,0)))*100, "") -> 7.3394209 | V6: =IFERROR(IFERROR(INDEX('ERP2019'!$A$8:$F$163,MATCH(CDS!$A6,'ERP2019'!$A$8:$A$163,0),MATCH($AC$1,'ERP2019'!$A$7:$F$7,0)),INDEX('ERP2019'!$A$165:$E$190,MATCH(CDS!$A6,'ERP2019'!$A$165:$A$190,0),MATCH($AC$2,'ERP2019'!$A$165:$E$165,0)))*100, "") -> 5.4384039 | W6: =IFERROR(INDEX('ERP2020'!$A$8:$F$165,MATCH(CDS!$A6,'ERP2020'!$A$8:$A$165,0),MATCH($AC$1,'ERP2020'!$A$7:$F$7,0)),INDEX('ERP2020'!$A$166:$E$190,MATCH(CDS!$A6,'ERP2020'!$A$166:$A$190,0),MATCH($AC$2,'ERP2020'!$A$166:$E$166,0)))*100 -> 6.6251699 | X6: =IFERROR(INDEX('ERP2021'!$A$8:$F$165,MATCH(CDS!$A6,'ERP2021'!$A$8:$A$165,0),MATCH($AC$1,'ERP2021'!$A$7:$F$7,0)),INDEX('ERP2021'!$A$166:$E$190,MATCH(CDS!$A6,'ERP2021'!$A$166:$A$190,0),MATCH($AC$2,'ERP2021'!$A$166:$E$166,0)))*100 -> 5.534494 | Y6: =IFERROR(INDEX('ERP2022'!$A$8:$F$165,MATCH(CDS!$A6,'ERP2022'!$A$8:$A$165,0),MATCH($AC$1,'ERP2022'!$A$7:$F$7,0)),INDEX('ERP2022'!$A$166:$E$190,MATCH(CDS!$A6,'ERP2022'!$A$166:$A$190,0),MATCH($AC$2,'ERP2022'!$A$166:$E$166,0)))*100 -> 7.9525459 | Z6: =IFERROR(INDEX('ERP2023'!$A$8:$F$165,MATCH(CDS!$A6,'ERP2023'!$A$8:$A$165,0),MATCH($AC$1,'ERP2023'!$A$7:$F$7,0)),INDEX('ERP2023'!$A$165:$E$190,MATCH(CDS!$A6,'ERP2023'!$A$165:$A$190,0),MATCH($AC$2,'ERP2023'!$A$165:$E$165,0)))*100 -> 7.0808704 | AA6: =IFERROR(INDEX('ERP2024'!$A$8:$F$165,MATCH(CDS!$A6,'ERP2024'!$A$8:$A$165,0),MATCH($AC$1,'ERP2024'!$A$7:$F$7,0)),INDEX('ERP2024'!$A$166:$E$190,MATCH(CDS!$A6,'ERP2024'!$A$166:$A$190,0),MATCH($AC$2,'ERP2024'!$A$166:$E$166,0)))*100 -> 6.4371549 | AB6: =IFERROR(INDEX('ERP2025'!$A$8:$F$165,MATCH(CDS!$A6,'ERP2025'!$A$8:$A$165,0),MATCH($AC$1,'ERP2025'!$A$7:$F$7,0)),INDEX('ERP2024'!$A$166:$E$190,MATCH(CDS!$A6,'ERP2025'!$A$166:$A$190,0),MATCH($AC$2,'ERP2025'!$A$166:$E$166,0)))*100 -> 6.3905089
A7: Argentina | B7: ARG | C7: =IFERROR(CRP!C7/1.5, "") -> 7.5 | D7: =IFERROR(CRP!D7/1.5, "") -> 9 | E7: =IFERROR(CRP!E7/1.5, "") -> 9 | F7: =IFERROR(CRP!F7/1.5, "") -> 8.5 | G7: =IFERROR(CRP!G7/1.5, "") -> 8.5 | H7: =IFERROR(CRP!H7/1.5, "") -> 6 | I7: =IFERROR(CRP!I7/1.5, "") -> 4.5 | J7: =IFERROR(CRP!J7/1.5, "") -> 4.5 | ... O7: =IFERROR(CRP!O7/1.5, "") -> 6 | P7: =IFERROR(IFERROR(INDEX('ERP2013'!$A$8:$F$159,MATCH(CDS!$A7,'ERP2013'!$A$8:$A$159,0),MATCH($AC$1,'ERP2013'!$A$7:$F$7,0)),INDEX('ERP2013'!$A$160:$E$184,MATCH(CDS!$A7,'ERP2013'!$A$160:$A$184,0),MATCH($AC$2,'ERP2013'!$A$160:$E$160,0)))*100, "") -> 6.5 | Q7: =IFERROR(IFERROR(INDEX('ERP2014'!$A$8:$F$159,MATCH(CDS!$A7,'ERP2014'!$A$8:$A$159,0),MATCH($AC$1,'ERP2014'!$A$7:$F$7,0)),INDEX('ERP2014'!$A$160:$E$184,MATCH(CDS!$A7,'ERP2014'!$A$160:$A$184,0),MATCH($AC$2,'ERP2014'!$A$160:$E$160,0)))*100, "") -> 7.5 | R7: =IFERROR(IFERROR(INDEX('ERP2015'!$A$8:$F$159,MATCH(CDS!$A7,'ERP2015'!$A$8:$A$159,0),MATCH($AC$1,'ERP2015'!$A$7:$F$7,0)),INDEX('ERP2015'!$A$160:$E$184,MATCH(CDS!$A7,'ERP2015'!$A$160:$A$184,0),MATCH($AC$2,'ERP2015'!$A$160:$E$160,0)))*100, "") -> 7.29 | S7: =IFERROR(IFERROR(INDEX('ERP2016'!$A$8:$F$159,MATCH(CDS!$A7,'ERP2016'!$A$8:$A$159,0),MATCH($AC$1,'ERP2016'!$A$7:$F$7,0)),INDEX('ERP2016'!$A$160:$E$184,MATCH(CDS!$A7,'ERP2016'!$A$160:$A$184,0),MATCH($AC$2,'ERP2016'!$A$160:$E$160,0)))*100, "") -> 7.514262 | T7: =IFERROR(IFERROR(INDEX('ERP2017'!$A$8:$F$159,MATCH(CDS!$A7,'ERP2017'!$A$8:$A$159,0),MATCH($AC$1,'ERP2017'!$A$7:$F$7,0)),INDEX('ERP2017'!$A$160:$E$190,MATCH(CDS!$A7,'ERP2017'!$A$160:$A$190,0),MATCH($AC$2,Table217[#Headers],0)))*100, "") -> 5.642646 | U7: =IFERROR(IFERROR(INDEX('ERP2018'!$A$8:$F$159,MATCH(CDS!$A7,'ERP2018'!$A$8:$A$159,0),MATCH($AC$1,'ERP2018'!$A$7:$F$7,0)),INDEX('ERP2018'!$A$163:$E$190,MATCH(CDS!$A7,'ERP2018'!$A$163:$A$190,0),MATCH($AC$2,'ERP2018'!$A$163:$E$163,0)))*100, "") -> 6.2094961 | V7: =IFERROR(IFERROR(INDEX('ERP2019'!$A$8:$F$163,MATCH(CDS!$A7,'ERP2019'!$A$8:$A$163,0),MATCH($AC$1,'ERP2019'!$A$7:$F$7,0)),INDEX('ERP2019'!$A$165:$E$190,MATCH(CDS!$A7,'ERP2019'!$A$165:$A$190,0),MATCH($AC$2,'ERP2019'!$A$165:$E$165,0)))*100, "") -> 7.5277769 | W7: =IFERROR(INDEX('ERP2020'!$A$8:$F$165,MATCH(CDS!$A7,'ERP2020'!$A$8:$A$165,0),MATCH($AC$1,'ERP2020'!$A$7:$F$7,0)),INDEX('ERP2020'!$A$166:$E$190,MATCH(CDS!$A7,'ERP2020'!$A$166:$A$190,0),MATCH($AC$2,'ERP2020'!$A$166:$E$166,0)))*100 -> 10.603461 | X7: =IFERROR(INDEX('ERP2021'!$A$8:$F$165,MATCH(CDS!$A7,'ERP2021'!$A$8:$A$165,0),MATCH($AC$1,'ERP2021'!$A$7:$F$7,0)),INDEX('ERP2021'!$A$166:$E$190,MATCH(CDS!$A7,'ERP2021'!$A$166:$A$190,0),MATCH($AC$2,'ERP2021'!$A$166:$E$166,0)))*100 -> 10.209261 | Y7: =IFERROR(INDEX('ERP2022'!$A$8:$F$165,MATCH(CDS!$A7,'ERP2022'!$A$8:$A$165,0),MATCH($AC$1,'ERP2022'!$A$7:$F$7,0)),INDEX('ERP2022'!$A$166:$E$190,MATCH(CDS!$A7,'ERP2022'!$A$166:$A$190,0),MATCH($AC$2,'ERP2022'!$A$166:$E$166,0)))*100 -> 14.682729 | Z7: =IFERROR(INDEX('ERP2023'!$A$8:$F$165,MATCH(CDS!$A7,'ERP2023'!$A$8:$A$165,0),MATCH($AC$1,'ERP2023'!$A$7:$F$7,0)),INDEX('ERP2023'!$A$165:$E$190,MATCH(CDS!$A7,'ERP2023'!$A$165:$A$190,0),MATCH($AC$2,'ERP2023'!$A$165:$E$165,0)))*100 -> 13.073361 | AA7: =IFERROR(INDEX('ERP2024'!$A$8:$F$165,MATCH(CDS!$A7,'ERP2024'!$A$8:$A$165,0),MATCH($AC$1,'ERP2024'!$A$7:$F$7,0)),INDEX('ERP2024'!$A$166:$E$190,MATCH(CDS!$A7,'ERP2024'!$A$166:$A$190,0),MATCH($AC$2,'ERP2024'!$A$166:$E$166,0)))*100 -> 11.884874 | AB7: =IFERROR(INDEX('ERP2025'!$A$8:$F$165,MATCH(CDS!$A7,'ERP2025'!$A$8:$A$165,0),MATCH($AC$1,'ERP2025'!$A$7:$F$7,0)),INDEX('ERP2024'!$A$166:$E$190,MATCH(CDS!$A7,'ERP2025'!$A$166:$A$190,0),MATCH($AC$2,'ERP2025'!$A$166:$E$166,0)))*100 -> 9.8342189
A8: Armenia | B8: ARM | C8: =IFERROR(CRP!C8/1.5, "") | D8: =IFERROR(CRP!D8/1.5, "") | E8: =IFERROR(CRP!E8/1.5, "") | F8: =IFERROR(CRP!F8/1.5, "") | G8: =IFERROR(CRP!G8/1.5, "") | H8: =IFERROR(CRP!H8/1.5, "") | I8: =IFERROR(CRP!I8/1.5, "") -> 2.5 | J8: =IFERROR(CRP!J8/1.5, "") -> 2.5 | ... O8: =IFERROR(CRP!O8/1.5, "") -> 2.75 | P8: =IFERROR(IFERROR(INDEX('ERP2013'!$A$8:$F$159,MATCH(CDS!$A8,'ERP2013'!$A$8:$A$159,0),MATCH($AC$1,'ERP2013'!$A$7:$F$7,0)),INDEX('ERP2013'!$A$160:$E$184,MATCH(CDS!$A8,'ERP2013'!$A$160:$A$184,0),MATCH($AC$2,'ERP2013'!$A$160:$E$160,0)))*100, "") -> 3 | Q8: =IFERROR(IFERROR(INDEX('ERP2014'!$A$8:$F$159,MATCH(CDS!$A8,'ERP2014'!$A$8:$A$159,0),MATCH($AC$1,'ERP2014'!$A$7:$F$7,0)),INDEX('ERP2014'!$A$160:$E$184,MATCH(CDS!$A8,'ERP2014'!$A$160:$A$184,0),MATCH($AC$2,'ERP2014'!$A$160:$E$160,0)))*100, "") -> 3 | R8: =IFERROR(IFERROR(INDEX('ERP2015'!$A$8:$F$159,MATCH(CDS!$A8,'ERP2015'!$A$8:$A$159,0),MATCH($AC$1,'ERP2015'!$A$7:$F$7,0)),INDEX('ERP2015'!$A$160:$E$184,MATCH(CDS!$A8,'ERP2015'!$A$160:$A$184,0),MATCH($AC$2,'ERP2015'!$A$160:$E$160,0)))*100, "") -> 5.05 | S8: =IFERROR(IFERROR(INDEX('ERP2016'!$A$8:$F$159,MATCH(CDS!$A8,'ERP2016'!$A$8:$A$159,0),MATCH($AC$1,'ERP2016'!$A$7:$F$7,0)),INDEX('ERP2016'!$A$160:$E$184,MATCH(CDS!$A8,'ERP2016'!$A$160:$A$184,0),MATCH($AC$2,'ERP2016'!$A$160:$E$160,0)))*100, "") -> 5.200578 | T8: =IFERROR(IFERROR(INDEX('ERP2017'!$A$8:$F$159,MATCH(CDS!$A8,'ERP2017'!$A$8:$A$159,0),MATCH($AC$1,'ERP2017'!$A$7:$F$7,0)),INDEX('ERP2017'!$A$160:$E$190,MATCH(CDS!$A8,'ERP2017'!$A$160:$A$190,0),MATCH($AC$2,Table217[#Headers],0)))*100, "") -> 4.6158695 | U8: =IFERROR(IFERROR(INDEX('ERP2018'!$A$8:$F$159,MATCH(CDS!$A8,'ERP2018'!$A$8:$A$159,0),MATCH($AC$1,'ERP2018'!$A$7:$F$7,0)),INDEX('ERP2018'!$A$163:$E$190,MATCH(CDS!$A8,'ERP2018'!$A$163:$A$190,0),MATCH($AC$2,'ERP2018'!$A$163:$E$163,0)))*100, "") -> 5.0795714 | V8: =IFERROR(IFERROR(INDEX('ERP2019'!$A$8:$F$163,MATCH(CDS!$A8,'ERP2019'!$A$8:$A$163,0),MATCH($AC$1,'ERP2019'!$A$7:$F$7,0)),INDEX('ERP2019'!$A$165:$E$190,MATCH(CDS!$A8,'ERP2019'!$A$165:$A$190,0),MATCH($AC$2,'ERP2019'!$A$165:$E$165,0)))*100, "") -> 3.0096022 | W8: =IFERROR(INDEX('ERP2020'!$A$8:$F$165,MATCH(CDS!$A8,'ERP2020'!$A$8:$A$165,0),MATCH($AC$1,'ERP2020'!$A$7:$F$7,0)),INDEX('ERP2020'!$A$166:$E$190,MATCH(CDS!$A8,'ERP2020'!$A$166:$A$190,0),MATCH($AC$2,'ERP2020'!$A$166:$E$166,0)))*100 -> 3.1810382 | X8: =IFERROR(INDEX('ERP2021'!$A$8:$F$165,MATCH(CDS!$A8,'ERP2021'!$A$8:$A$165,0),MATCH($AC$1,'ERP2021'!$A$7:$F$7,0)),INDEX('ERP2021'!$A$166:$E$190,MATCH(CDS!$A8,'ERP2021'!$A$166:$A$190,0),MATCH($AC$2,'ERP2021'!$A$166:$E$166,0)))*100 -> 3.0627782 | Y8: =IFERROR(INDEX('ERP2022'!$A$8:$F$165,MATCH(CDS!$A8,'ERP2022'!$A$8:$A$165,0),MATCH($AC$1,'ERP2022'!$A$7:$F$7,0)),INDEX('ERP2022'!$A$166:$E$190,MATCH(CDS!$A8,'ERP2022'!$A$166:$A$190,0),MATCH($AC$2,'ERP2022'!$A$166:$E$166,0)))*100 -> 4.4005046 | Z8: =IFERROR(INDEX('ERP2023'!$A$8:$F$165,MATCH(CDS!$A8,'ERP2023'!$A$8:$A$165,0),MATCH($AC$1,'ERP2023'!$A$7:$F$7,0)),INDEX('ERP2023'!$A$165:$E$190,MATCH(CDS!$A8,'ERP2023'!$A$165:$A$190,0),MATCH($AC$2,'ERP2023'!$A$165:$E$165,0)))*100 -> 3.918167 | AA8: =IFERROR(INDEX('ERP2024'!$A$8:$F$165,MATCH(CDS!$A8,'ERP2024'!$A$8:$A$165,0),MATCH($AC$1,'ERP2024'!$A$7:$F$7,0)),INDEX('ERP2024'!$A$166:$E$190,MATCH(CDS!$A8,'ERP2024'!$A$166:$A$190,0),MATCH($AC$2,'ERP2024'!$A$166:$E$166,0)))*100 -> 3.56197 | AB8: =IFERROR(INDEX('ERP2025'!$A$8:$F$165,MATCH(CDS!$A8,'ERP2025'!$A$8:$A$165,0),MATCH($AC$1,'ERP2025'!$A$7:$F$7,0)),INDEX('ERP2024'!$A$166:$E$190,MATCH(CDS!$A8,'ERP2025'!$A$166:$A$190,0),MATCH($AC$2,'ERP2025'!$A$166:$E$166,0)))*100 -> 3.5361586
A9: Aruba | B9: ABW | C9: =IFERROR(CRP!C9/1.5, "") | D9: =IFERROR(CRP!D9/1.5, "") | E9: =IFERROR(CRP!E9/1.5, "") | F9: =IFERROR(CRP!F9/1.5, "") | G9: =IFERROR(CRP!G9/1.5, "") | H9: =IFERROR(CRP!H9/1.5, "") | I9: =IFERROR(CRP!I9/1.5, "") | J9: =IFERROR(CRP!J9/1.5, "") | ... O9: =IFERROR(CRP!O9/1.5, "") | P9: =IFERROR(IFERROR(INDEX('ERP2013'!$A$8:$F$159,MATCH(CDS!$A9,'ERP2013'!$A$8:$A$159,0),MATCH($AC$1,'ERP2013'!$A$7:$F$7,0)),INDEX('ERP2013'!$A$160:$E$184,MATCH(CDS!$A9,'ERP2013'!$A$160:$A$184,0),MATCH($AC$2,'ERP2013'!$A$160:$E$160,0)))*100, "") -> 1.6 | Q9: =IFERROR(IFERROR(INDEX('ERP2014'!$A$8:$F$159,MATCH(CDS!$A9,'ERP2014'!$A$8:$A$159,0),MATCH($AC$1,'ERP2014'!$A$7:$F$7,0)),INDEX('ERP2014'!$A$160:$E$184,MATCH(CDS!$A9,'ERP2014'!$A$160:$A$184,0),MATCH($AC$2,'ERP2014'!$A$160:$E$160,0)))*100, "") -> 1.6 | R9: =IFERROR(IFERROR(INDEX('ERP2015'!$A$8:$F$159,MATCH(CDS!$A9,'ERP2015'!$A$8:$A$159,0),MATCH($AC$1,'ERP2015'!$A$7:$F$7,0)),INDEX('ERP2015'!$A$160:$E$184,MATCH(CDS!$A9,'ERP2015'!$A$160:$A$184,0),MATCH($AC$2,'ERP2015'!$A$160:$E$160,0)))*100, "") -> 1.79 | S9: =IFERROR(IFERROR(INDEX('ERP2016'!$A$8:$F$159,MATCH(CDS!$A9,'ERP2016'!$A$8:$A$159,0),MATCH($AC$1,'ERP2016'!$A$7:$F$7,0)),INDEX('ERP2016'!$A$160:$E$184,MATCH(CDS!$A9,'ERP2016'!$A$160:$A$184,0),MATCH($AC$2,'ERP2016'!$A$160:$E$160,0)))*100, "") -> 1.844694 | T9: =IFERROR(IFERROR(INDEX('ERP2017'!$A$8:$F$159,MATCH(CDS!$A9,'ERP2017'!$A$8:$A$159,0),MATCH($AC$1,'ERP2017'!$A$7:$F$7,0)),INDEX('ERP2017'!$A$160:$E$190,MATCH(CDS!$A9,'ERP2017'!$A$160:$A$190,0),MATCH($AC$2,Table217[#Headers],0)))*100, "") -> 1.6372924 | U9: =IFERROR(IFERROR(INDEX('ERP2018'!$A$8:$F$159,MATCH(CDS!$A9,'ERP2018'!$A$8:$A$159,0),MATCH($AC$1,'ERP2018'!$A$7:$F$7,0)),INDEX('ERP2018'!$A$163:$E$190,MATCH(CDS!$A9,'ERP2018'!$A$163:$A$190,0),MATCH($AC$2,'ERP2018'!$A$163:$E$163,0)))*100, "") -> 1.8017718 | V9: =IFERROR(IFERROR(INDEX('ERP2019'!$A$8:$F$163,MATCH(CDS!$A9,'ERP2019'!$A$8:$A$163,0),MATCH($AC$1,'ERP2019'!$A$7:$F$7,0)),INDEX('ERP2019'!$A$165:$E$190,MATCH(CDS!$A9,'ERP2019'!$A$165:$A$190,0),MATCH($AC$2,'ERP2019'!$A$165:$E$165,0)))*100, "") -> 1.3350867 | W9: =IFERROR(INDEX('ERP2020'!$A$8:$F$165,MATCH(CDS!$A9,'ERP2020'!$A$8:$A$165,0),MATCH($AC$1,'ERP2020'!$A$7:$F$7,0)),INDEX('ERP2020'!$A$166:$E$190,MATCH(CDS!$A9,'ERP2020'!$A$166:$A$190,0),MATCH($AC$2,'ERP2020'!$A$166:$E$166,0)))*100 -> 1.4111373 | X9: =IFERROR(INDEX('ERP2021'!$A$8:$F$165,MATCH(CDS!$A9,'ERP2021'!$A$8:$A$165,0),MATCH($AC$1,'ERP2021'!$A$7:$F$7,0)),INDEX('ERP2021'!$A$166:$E$190,MATCH(CDS!$A9,'ERP2021'!$A$166:$A$190,0),MATCH($AC$2,'ERP2021'!$A$166:$E$166,0)))*100 -> 1.6196647 | Y9: =IFERROR(INDEX('ERP2022'!$A$8:$F$165,MATCH(CDS!$A9,'ERP2022'!$A$8:$A$165,0),MATCH($AC$1,'ERP2022'!$A$7:$F$7,0)),INDEX('ERP2022'!$A$166:$E$190,MATCH(CDS!$A9,'ERP2022'!$A$166:$A$190,0),MATCH($AC$2,'ERP2022'!$A$166:$E$166,0)))*100 -> 2.3296789 | Z9: =IFERROR(INDEX('ERP2023'!$A$8:$F$165,MATCH(CDS!$A9,'ERP2023'!$A$8:$A$165,0),MATCH($AC$1,'ERP2023'!$A$7:$F$7,0)),INDEX('ERP2023'!$A$165:$E$190,MATCH(CDS!$A9,'ERP2023'!$A$165:$A$190,0),MATCH($AC$2,'ERP2023'!$A$165:$E$165,0)))*100 -> 2.0743237 | AA9: =IFERROR(INDEX('ERP2024'!$A$8:$F$165,MATCH(CDS!$A9,'ERP2024'!$A$8:$A$165,0),MATCH($AC$1,'ERP2024'!$A$7:$F$7,0)),INDEX('ERP2024'!$A$166:$E$190,MATCH(CDS!$A9,'ERP2024'!$A$166:$A$190,0),MATCH($AC$2,'ERP2024'!$A$166:$E$166,0)))*100 -> 2.1767594 | AB9: =IFERROR(INDEX('ERP2025'!$A$8:$F$165,MATCH(CDS!$A9,'ERP2025'!$A$8:$A$165,0),MATCH($AC$1,'ERP2025'!$A$7:$F$7,0)),INDEX('ERP2024'!$A$166:$E$190,MATCH(CDS!$A9,'ERP2025'!$A$166:$A$190,0),MATCH($AC$2,'ERP2025'!$A$166:$E$166,0)))*100 -> 2.1609858
A10: Australia | B10: AUS | C10: =IFERROR(CRP!C10/1.5, "") -> 0.85 | D10: =IFERROR(CRP!D10/1.5, "") -> 0.85 | E10: =IFERROR(CRP!E10/1.5, "") -> 0 | F10: =IFERROR(CRP!F10/1.5, "") -> 0 | G10: =IFERROR(CRP!G10/1.5, "") -> 0 | H10: =IFERROR(CRP!H10/1.5, "") -> 0 | I10: =IFERROR(CRP!I10/1.5, "") -> 0 | J10: =IFERROR(CRP!J10/1.5, "") -> 0 | ... O10: =IFERROR(CRP!O10/1.5, "") -> 0 | P10: =IFERROR(IFERROR(INDEX('ERP2013'!$A$8:$F$159,MATCH(CDS!$A10,'ERP2013'!$A$8:$A$159,0),MATCH($AC$1,'ERP2013'!$A$7:$F$7,0)),INDEX('ERP2013'!$A$160:$E$184,MATCH(CDS!$A10,'ERP2013'!$A$160:$A$184,0),MATCH($AC$2,'ERP2013'!$A$160:$E$160,0)))*100, "") -> 0 | Q10: =IFERROR(IFERROR(INDEX('ERP2014'!$A$8:$F$159,MATCH(CDS!$A10,'ERP2014'!$A$8:$A$159,0),MATCH($AC$1,'ERP2014'!$A$7:$F$7,0)),INDEX('ERP2014'!$A$160:$E$184,MATCH(CDS!$A10,'ERP2014'!$A$160:$A$184,0),MATCH($AC$2,'ERP2014'!$A$160:$E$160,0)))*100, "") -> 0 | R10: =IFERROR(IFERROR(INDEX('ERP2015'!$A$8:$F$159,MATCH(CDS!$A10,'ERP2015'!$A$8:$A$159,0),MATCH($AC$1,'ERP2015'!$A$7:$F$7,0)),INDEX('ERP2015'!$A$160:$E$184,MATCH(CDS!$A10,'ERP2015'!$A$160:$A$184,0),MATCH($AC$2,'ERP2015'!$A$160:$E$160,0)))*100, "") -> 0 | S10: =IFERROR(IFERROR(INDEX('ERP2016'!$A$8:$F$159,MATCH(CDS!$A10,'ERP2016'!$A$8:$A$159,0),MATCH($AC$1,'ERP2016'!$A$7:$F$7,0)),INDEX('ERP2016'!$A$160:$E$184,MATCH(CDS!$A10,'ERP2016'!$A$160:$A$184,0),MATCH($AC$2,'ERP2016'!$A$160:$E$160,0)))*100, "") -> 0 | T10: =IFERROR(IFERROR(INDEX('ERP2017'!$A$8:$F$159,MATCH(CDS!$A10,'ERP2017'!$A$8:$A$159,0),MATCH($AC$1,'ERP2017'!$A$7:$F$7,0)),INDEX('ERP2017'!$A$160:$E$190,MATCH(CDS!$A10,'ERP2017'!$A$160:$A$190,0),MATCH($AC$2,Table217[#Headers],0)))*100, "") -> 0 | U10: =IFERROR(IFERROR(INDEX('ERP2018'!$A$8:$F$159,MATCH(CDS!$A10,'ERP2018'!$A$8:$A$159,0),MATCH($AC$1,'ERP2018'!$A$7:$F$7,0)),INDEX('ERP2018'!$A$163:$E$190,MATCH(CDS!$A10,'ERP2018'!$A$163:$A$190,0),MATCH($AC$2,'ERP2018'!$A$163:$E$163,0)))*100, "") -> 0 | V10: =IFERROR(IFERROR(INDEX('ERP2019'!$A$8:$F$163,MATCH(CDS!$A10,'ERP2019'!$A$8:$A$163,0),MATCH($AC$1,'ERP2019'!$A$7:$F$7,0)),INDEX('ERP2019'!$A$165:$E$190,MATCH(CDS!$A10,'ERP2019'!$A$165:$A$190,0),MATCH($AC$2,'ERP2019'!$A$165:$E$165,0)))*100, "") -> 0 | W10: =IFERROR(INDEX('ERP2020'!$A$8:$F$165,MATCH(CDS!$A10,'ERP2020'!$A$8:$A$165,0),MATCH($AC$1,'ERP2020'!$A$7:$F$7,0)),INDEX('ERP2020'!$A$166:$E$190,MATCH(CDS!$A10,'ERP2020'!$A$166:$A$190,0),MATCH($AC$2,'ERP2020'!$A$166:$E$166,0)))*100 -> 0 | X10: =IFERROR(INDEX('ERP2021'!$A$8:$F$165,MATCH(CDS!$A10,'ERP2021'!$A$8:$A$165,0),MATCH($AC$1,'ERP2021'!$A$7:$F$7,0)),INDEX('ERP2021'!$A$166:$E$190,MATCH(CDS!$A10,'ERP2021'!$A$166:$A$190,0),MATCH($AC$2,'ERP2021'!$A$166:$E$166,0)))*100 -> 0 | Y10: =IFERROR(INDEX('ERP2022'!$A$8:$F$165,MATCH(CDS!$A10,'ERP2022'!$A$8:$A$165,0),MATCH($AC$1,'ERP2022'!$A$7:$F$7,0)),INDEX('ERP2022'!$A$166:$E$190,MATCH(CDS!$A10,'ERP2022'!$A$166:$A$190,0),MATCH($AC$2,'ERP2022'!$A$166:$E$166,0)))*100 -> 0 | Z10: =IFERROR(INDEX('ERP2023'!$A$8:$F$165,MATCH(CDS!$A10,'ERP2023'!$A$8:$A$165,0),MATCH($AC$1,'ERP2023'!$A$7:$F$7,0)),INDEX('ERP2023'!$A$165:$E$190,MATCH(CDS!$A10,'ERP2023'!$A$165:$A$190,0),MATCH($AC$2,'ERP2023'!$A$165:$E$165,0)))*100 -> 0 | AA10: =IFERROR(INDEX('ERP2024'!$A$8:$F$165,MATCH(CDS!$A10,'ERP2024'!$A$8:$A$165,0),MATCH($AC$1,'ERP2024'!$A$7:$F$7,0)),INDEX('ERP2024'!$A$166:$E$190,MATCH(CDS!$A10,'ERP2024'!$A$166:$A$190,0),MATCH($AC$2,'ERP2024'!$A$166:$E$166,0)))*100 -> 0 | AB10: =IFERROR(INDEX('ERP2025'!$A$8:$F$165,MATCH(CDS!$A10,'ERP2025'!$A$8:$A$165,0),MATCH($AC$1,'ERP2025'!$A$7:$F$7,0)),INDEX('ERP2024'!$A$166:$E$190,MATCH(CDS!$A10,'ERP2025'!$A$166:$A$190,0),MATCH($AC$2,'ERP2025'!$A$166:$E$166,0)))*100 -> 0
A11: Austria | B11: AUT | C11: =IFERROR(CRP!C11/1.5, "") -> 0 | D11: =IFERROR(CRP!D11/1.5, "") -> 0 | E11: =IFERROR(CRP!E11/1.5, "") -> 0 | F11: =IFERROR(CRP!F11/1.5, "") -> 0 | G11: =IFERROR(CRP!G11/1.5, "") -> 0 | H11: =IFERROR(CRP!H11/1.5, "") -> 0 | I11: =IFERROR(CRP!I11/1.5, "") -> 0 | J11: =IFERROR(CRP!J11/1.5, "") -> 0 | ... O11: =IFERROR(CRP!O11/1.5, "") -> 0 | P11: =IFERROR(IFERROR(INDEX('ERP2013'!$A$8:$F$159,MATCH(CDS!$A11,'ERP2013'!$A$8:$A$159,0),MATCH($AC$1,'ERP2013'!$A$7:$F$7,0)),INDEX('ERP2013'!$A$160:$E$184,MATCH(CDS!$A11,'ERP2013'!$A$160:$A$184,0),MATCH($AC$2,'ERP2013'!$A$160:$E$160,0)))*100, "") -> 0 | Q11: =IFERROR(IFERROR(INDEX('ERP2014'!$A$8:$F$159,MATCH(CDS!$A11,'ERP2014'!$A$8:$A$159,0),MATCH($AC$1,'ERP2014'!$A$7:$F$7,0)),INDEX('ERP2014'!$A$160:$E$184,MATCH(CDS!$A11,'ERP2014'!$A$160:$A$184,0),MATCH($AC$2,'ERP2014'!$A$160:$E$160,0)))*100, "") -> 0 | R11: =IFERROR(IFERROR(INDEX('ERP2015'!$A$8:$F$159,MATCH(CDS!$A11,'ERP2015'!$A$8:$A$159,0),MATCH($AC$1,'ERP2015'!$A$7:$F$7,0)),INDEX('ERP2015'!$A$160:$E$184,MATCH(CDS!$A11,'ERP2015'!$A$160:$A$184,0),MATCH($AC$2,'ERP2015'!$A$160:$E$160,0)))*100, "") -> 0.45 | S11: =IFERROR(IFERROR(INDEX('ERP2016'!$A$8:$F$159,MATCH(CDS!$A11,'ERP2016'!$A$8:$A$159,0),MATCH($AC$1,'ERP2016'!$A$7:$F$7,0)),INDEX('ERP2016'!$A$160:$E$184,MATCH(CDS!$A11,'ERP2016'!$A$160:$A$184,0),MATCH($AC$2,'ERP2016'!$A$160:$E$160,0)))*100, "") -> 0.458568 | T11: =IFERROR(IFERROR(INDEX('ERP2017'!$A$8:$F$159,MATCH(CDS!$A11,'ERP2017'!$A$8:$A$159,0),MATCH($AC$1,'ERP2017'!$A$7:$F$7,0)),INDEX('ERP2017'!$A$160:$E$190,MATCH(CDS!$A11,'ERP2017'!$A$160:$A$190,0),MATCH($AC$2,Table217[#Headers],0)))*100, "") -> 0.40701053 | U11: =IFERROR(IFERROR(INDEX('ERP2018'!$A$8:$F$159,MATCH(CDS!$A11,'ERP2018'!$A$8:$A$159,0),MATCH($AC$1,'ERP2018'!$A$7:$F$7,0)),INDEX('ERP2018'!$A$163:$E$190,MATCH(CDS!$A11,'ERP2018'!$A$163:$A$190,0),MATCH($AC$2,'ERP2018'!$A$163:$E$163,0)))*100, "") -> 0.44789808 | V11: =IFERROR(IFERROR(INDEX('ERP2019'!$A$8:$F$163,MATCH(CDS!$A11,'ERP2019'!$A$8:$A$163,0),MATCH($AC$1,'ERP2019'!$A$7:$F$7,0)),INDEX('ERP2019'!$A$165:$E$190,MATCH(CDS!$A11,'ERP2019'!$A$165:$A$190,0),MATCH($AC$2,'ERP2019'!$A$165:$E$165,0)))*100, "") -> 0.33188596 | W11: =IFERROR(INDEX('ERP2020'!$A$8:$F$165,MATCH(CDS!$A11,'ERP2020'!$A$8:$A$165,0),MATCH($AC$1,'ERP2020'!$A$7:$F$7,0)),INDEX('ERP2020'!$A$166:$E$190,MATCH(CDS!$A11,'ERP2020'!$A$166:$A$190,0),MATCH($AC$2,'ERP2020'!$A$166:$E$166,0)))*100 -> 0.35079119 | X11: =IFERROR(INDEX('ERP2021'!$A$8:$F$165,MATCH(CDS!$A11,'ERP2021'!$A$8:$A$165,0),MATCH($AC$1,'ERP2021'!$A$7:$F$7,0)),INDEX('ERP2021'!$A$166:$E$190,MATCH(CDS!$A11,'ERP2021'!$A$166:$A$190,0),MATCH($AC$2,'ERP2021'!$A$166:$E$166,0)))*100 -> 0.33774998 | Y11: =IFERROR(INDEX('ERP2022'!$A$8:$F$165,MATCH(CDS!$A11,'ERP2022'!$A$8:$A$165,0),MATCH($AC$1,'ERP2022'!$A$7:$F$7,0)),INDEX('ERP2022'!$A$166:$E$190,MATCH(CDS!$A11,'ERP2022'!$A$166:$A$190,0),MATCH($AC$2,'ERP2022'!$A$166:$E$166,0)))*100 -> 0.48894495 | Z11: =IFERROR(INDEX('ERP2023'!$A$8:$F$165,MATCH(CDS!$A11,'ERP2023'!$A$8:$A$165,0),MATCH($AC$1,'ERP2023'!$A$7:$F$7,0)),INDEX('ERP2023'!$A$165:$E$190,MATCH(CDS!$A11,'ERP2023'!$A$165:$A$190,0),MATCH($AC$2,'ERP2023'!$A$165:$E$165,0)))*100 -> 0.43535189 | AA11: =IFERROR(INDEX('ERP2024'!$A$8:$F$165,MATCH(CDS!$A11,'ERP2024'!$A$8:$A$165,0),MATCH($AC$1,'ERP2024'!$A$7:$F$7,0)),INDEX('ERP2024'!$A$166:$E$190,MATCH(CDS!$A11,'ERP2024'!$A$166:$A$190,0),MATCH($AC$2,'ERP2024'!$A$166:$E$166,0)))*100 -> 0.39577444 | AB11: =IFERROR(INDEX('ERP2025'!$A$8:$F$165,MATCH(CDS!$A11,'ERP2025'!$A$8:$A$165,0),MATCH($AC$1,'ERP2025'!$A$7:$F$7,0)),INDEX('ERP2024'!$A$166:$E$190,MATCH(CDS!$A11,'ERP2025'!$A$166:$A$190,0),MATCH($AC$2,'ERP2025'!$A$166:$E$166,0)))*100 -> 0.27
A12: Azerbaijan | B12: AZE | C12: =IFERROR(CRP!C12/1.5, "") | D12: =IFERROR(CRP!D12/1.5, "") | E12: =IFERROR(CRP!E12/1.5, "") | F12: =IFERROR(CRP!F12/1.5, "") | G12: =IFERROR(CRP!G12/1.5, "") | H12: =IFERROR(CRP!H12/1.5, "") | I12: =IFERROR(CRP!I12/1.5, "") -> 2 | J12: =IFERROR(CRP!J12/1.5, "") -> 2 | ... O12: =IFERROR(CRP!O12/1.5, "") -> 2 | P12: =IFERROR(IFERROR(INDEX('ERP2013'!$A$8:$F$159,MATCH(CDS!$A12,'ERP2013'!$A$8:$A$159,0),MATCH($AC$1,'ERP2013'!$A$7:$F$7,0)),INDEX('ERP2013'!$A$160:$E$184,MATCH(CDS!$A12,'ERP2013'!$A$160:$A$184,0),MATCH($AC$2,'ERP2013'!$A$160:$E$160,0)))*100, "") -> 2.2 | Q12: =IFERROR(IFERROR(INDEX('ERP2014'!$A$8:$F$159,MATCH(CDS!$A12,'ERP2014'!$A$8:$A$159,0),MATCH($AC$1,'ERP2014'!$A$7:$F$7,0)),INDEX('ERP2014'!$A$160:$E$184,MATCH(CDS!$A12,'ERP2014'!$A$160:$A$184,0),MATCH($AC$2,'ERP2014'!$A$160:$E$160,0)))*100, "") -> 2.2 | R12: =IFERROR(IFERROR(INDEX('ERP2015'!$A$8:$F$159,MATCH(CDS!$A12,'ERP2015'!$A$8:$A$159,0),MATCH($AC$1,'ERP2015'!$A$7:$F$7,0)),INDEX('ERP2015'!$A$160:$E$184,MATCH(CDS!$A12,'ERP2015'!$A$160:$A$184,0),MATCH($AC$2,'ERP2015'!$A$160:$E$160,0)))*100, "") -> 2.8 | S12: =IFERROR(IFERROR(INDEX('ERP2016'!$A$8:$F$159,MATCH(CDS!$A12,'ERP2016'!$A$8:$A$159,0),MATCH($AC$1,'ERP2016'!$A$7:$F$7,0)),INDEX('ERP2016'!$A$160:$E$184,MATCH(CDS!$A12,'ERP2016'!$A$160:$A$184,0),MATCH($AC$2,'ERP2016'!$A$160:$E$160,0)))*100, "") -> 2.886894 | T12: =IFERROR(IFERROR(INDEX('ERP2017'!$A$8:$F$159,MATCH(CDS!$A12,'ERP2017'!$A$8:$A$159,0),MATCH($AC$1,'ERP2017'!$A$7:$F$7,0)),INDEX('ERP2017'!$A$160:$E$190,MATCH(CDS!$A12,'ERP2017'!$A$160:$A$190,0),MATCH($AC$2,Table217[#Headers],0)))*100, "") -> 3.0803297 | U12: =IFERROR(IFERROR(INDEX('ERP2018'!$A$8:$F$159,MATCH(CDS!$A12,'ERP2018'!$A$8:$A$159,0),MATCH($AC$1,'ERP2018'!$A$7:$F$7,0)),INDEX('ERP2018'!$A$163:$E$190,MATCH(CDS!$A12,'ERP2018'!$A$163:$A$190,0),MATCH($AC$2,'ERP2018'!$A$163:$E$163,0)))*100, "") -> 3.3897741 | V12: =IFERROR(IFERROR(INDEX('ERP2019'!$A$8:$F$163,MATCH(CDS!$A12,'ERP2019'!$A$8:$A$163,0),MATCH($AC$1,'ERP2019'!$A$7:$F$7,0)),INDEX('ERP2019'!$A$165:$E$190,MATCH(CDS!$A12,'ERP2019'!$A$165:$A$190,0),MATCH($AC$2,'ERP2019'!$A$165:$E$165,0)))*100, "") -> 2.5117733 | W12: =IFERROR(INDEX('ERP2020'!$A$8:$F$165,MATCH(CDS!$A12,'ERP2020'!$A$8:$A$165,0),MATCH($AC$1,'ERP2020'!$A$7:$F$7,0)),INDEX('ERP2020'!$A$166:$E$190,MATCH(CDS!$A12,'ERP2020'!$A$166:$A$190,0),MATCH($AC$2,'ERP2020'!$A$166:$E$166,0)))*100 -> 2.6548515 | X12: =IFERROR(INDEX('ERP2021'!$A$8:$F$165,MATCH(CDS!$A12,'ERP2021'!$A$8:$A$165,0),MATCH($AC$1,'ERP2021'!$A$7:$F$7,0)),INDEX('ERP2021'!$A$166:$E$190,MATCH(CDS!$A12,'ERP2021'!$A$166:$A$190,0),MATCH($AC$2,'ERP2021'!$A$166:$E$166,0)))*100 -> 2.5561533 | Y12: =IFERROR(INDEX('ERP2022'!$A$8:$F$165,MATCH(CDS!$A12,'ERP2022'!$A$8:$A$165,0),MATCH($AC$1,'ERP2022'!$A$7:$F$7,0)),INDEX('ERP2022'!$A$166:$E$190,MATCH(CDS!$A12,'ERP2022'!$A$166:$A$190,0),MATCH($AC$2,'ERP2022'!$A$166:$E$166,0)))*100 -> 3.0630963 | Z12: =IFERROR(INDEX('ERP2023'!$A$8:$F$165,MATCH(CDS!$A12,'ERP2023'!$A$8:$A$165,0),MATCH($AC$1,'ERP2023'!$A$7:$F$7,0)),INDEX('ERP2023'!$A$165:$E$190,MATCH(CDS!$A12,'ERP2023'!$A$165:$A$190,0),MATCH($AC$2,'ERP2023'!$A$165:$E$165,0)))*100 -> 2.7273515 | AA12: =IFERROR(INDEX('ERP2024'!$A$8:$F$165,MATCH(CDS!$A12,'ERP2024'!$A$8:$A$165,0),MATCH($AC$1,'ERP2024'!$A$7:$F$7,0)),INDEX('ERP2024'!$A$166:$E$190,MATCH(CDS!$A12,'ERP2024'!$A$166:$A$190,0),MATCH($AC$2,'ERP2024'!$A$166:$E$166,0)))*100 -> 2.4794105 | AB12: =IFERROR(INDEX('ERP2025'!$A$8:$F$165,MATCH(CDS!$A12,'ERP2025'!$A$8:$A$165,0),MATCH($AC$1,'ERP2025'!$A$7:$F$7,0)),INDEX('ERP2024'!$A$166:$E$190,MATCH(CDS!$A12,'ERP2025'!$A$166:$A$190,0),MATCH($AC$2,'ERP2025'!$A$166:$E$166,0)))*100 -> 2.1609858
A13: Bahamas | B13: BHS | C13: =IFERROR(CRP!C13/1.5, "") -> 1.35 | D13: =IFERROR(CRP!D13/1.5, "") -> 1.35 | E13: =IFERROR(CRP!E13/1.5, "") -> 1 | F13: =IFERROR(CRP!F13/1.5, "") -> 1 | G13: =IFERROR(CRP!G13/1.5, "") -> 1 | H13: =IFERROR(CRP!H13/1.5, "") -> 0.6 | I13: =IFERROR(CRP!I13/1.5, "") -> 0.7 | J13: =IFERROR(CRP!J13/1.5, "") -> 0.7 | ... O13: =IFERROR(CRP!O13/1.5, "") -> 1.5 | P13: =IFERROR(IFERROR(INDEX('ERP2013'!$A$8:$F$159,MATCH(CDS!$A13,'ERP2013'!$A$8:$A$159,0),MATCH($AC$1,'ERP2013'!$A$7:$F$7,0)),INDEX('ERP2013'!$A$160:$E$184,MATCH(CDS!$A13,'ERP2013'!$A$160:$A$184,0),MATCH($AC$2,'ERP2013'!$A$160:$E$160,0)))*100, "") -> 1.6 | Q13: =IFERROR(IFERROR(INDEX('ERP2014'!$A$8:$F$159,MATCH(CDS!$A13,'ERP2014'!$A$8:$A$159,0),MATCH($AC$1,'ERP2014'!$A$7:$F$7,0)),INDEX('ERP2014'!$A$160:$E$184,MATCH(CDS!$A13,'ERP2014'!$A$160:$A$184,0),MATCH($AC$2,'ERP2014'!$A$160:$E$160,0)))*100, "") -> 1.9 | R13: =IFERROR(IFERROR(INDEX('ERP2015'!$A$8:$F$159,MATCH(CDS!$A13,'ERP2015'!$A$8:$A$159,0),MATCH($AC$1,'ERP2015'!$A$7:$F$7,0)),INDEX('ERP2015'!$A$160:$E$184,MATCH(CDS!$A13,'ERP2015'!$A$160:$A$184,0),MATCH($AC$2,'ERP2015'!$A$160:$E$160,0)))*100, "") -> 2.13 | S13: =IFERROR(IFERROR(INDEX('ERP2016'!$A$8:$F$159,MATCH(CDS!$A13,'ERP2016'!$A$8:$A$159,0),MATCH($AC$1,'ERP2016'!$A$7:$F$7,0)),INDEX('ERP2016'!$A$160:$E$184,MATCH(CDS!$A13,'ERP2016'!$A$160:$A$184,0),MATCH($AC$2,'ERP2016'!$A$160:$E$160,0)))*100, "") -> 2.542968 | T13: =IFERROR(IFERROR(INDEX('ERP2017'!$A$8:$F$159,MATCH(CDS!$A13,'ERP2017'!$A$8:$A$159,0),MATCH($AC$1,'ERP2017'!$A$7:$F$7,0)),INDEX('ERP2017'!$A$160:$E$190,MATCH(CDS!$A13,'ERP2017'!$A$160:$A$190,0),MATCH($AC$2,Table217[#Headers],0)))*100, "") -> 2.2570584 | U13: =IFERROR(IFERROR(INDEX('ERP2018'!$A$8:$F$159,MATCH(CDS!$A13,'ERP2018'!$A$8:$A$159,0),MATCH($AC$1,'ERP2018'!$A$7:$F$7,0)),INDEX('ERP2018'!$A$163:$E$190,MATCH(CDS!$A13,'ERP2018'!$A$163:$A$190,0),MATCH($AC$2,'ERP2018'!$A$163:$E$163,0)))*100, "") -> 2.4837985 | V13: =IFERROR(IFERROR(INDEX('ERP2019'!$A$8:$F$163,MATCH(CDS!$A13,'ERP2019'!$A$8:$A$163,0),MATCH($AC$1,'ERP2019'!$A$7:$F$7,0)),INDEX('ERP2019'!$A$165:$E$190,MATCH(CDS!$A13,'ERP2019'!$A$165:$A$190,0),MATCH($AC$2,'ERP2019'!$A$165:$E$165,0)))*100, "") -> 1.8404585 | W13: =IFERROR(INDEX('ERP2020'!$A$8:$F$165,MATCH(CDS!$A13,'ERP2020'!$A$8:$A$165,0),MATCH($AC$1,'ERP2020'!$A$7:$F$7,0)),INDEX('ERP2020'!$A$166:$E$190,MATCH(CDS!$A13,'ERP2020'!$A$166:$A$190,0),MATCH($AC$2,'ERP2020'!$A$166:$E$166,0)))*100 -> 2.6548515 | X13: =IFERROR(INDEX('ERP2021'!$A$8:$F$165,MATCH(CDS!$A13,'ERP2021'!$A$8:$A$165,0),MATCH($AC$1,'ERP2021'!$A$7:$F$7,0)),INDEX('ERP2021'!$A$166:$E$190,MATCH(CDS!$A13,'ERP2021'!$A$166:$A$190,0),MATCH($AC$2,'ERP2021'!$A$166:$E$166,0)))*100 -> 3.0627782 | Y13: =IFERROR(INDEX('ERP2022'!$A$8:$F$165,MATCH(CDS!$A13,'ERP2022'!$A$8:$A$165,0),MATCH($AC$1,'ERP2022'!$A$7:$F$7,0)),INDEX('ERP2022'!$A$166:$E$190,MATCH(CDS!$A13,'ERP2022'!$A$166:$A$190,0),MATCH($AC$2,'ERP2022'!$A$166:$E$166,0)))*100 -> 5.5078211 | Z13: =IFERROR(INDEX('ERP2023'!$A$8:$F$165,MATCH(CDS!$A13,'ERP2023'!$A$8:$A$165,0),MATCH($AC$1,'ERP2023'!$A$7:$F$7,0)),INDEX('ERP2023'!$A$165:$E$190,MATCH(CDS!$A13,'ERP2023'!$A$165:$A$190,0),MATCH($AC$2,'ERP2023'!$A$165:$E$165,0)))*100 -> 4.904111 | AA13: =IFERROR(INDEX('ERP2024'!$A$8:$F$165,MATCH(CDS!$A13,'ERP2024'!$A$8:$A$165,0),MATCH($AC$1,'ERP2024'!$A$7:$F$7,0)),INDEX('ERP2024'!$A$166:$E$190,MATCH(CDS!$A13,'ERP2024'!$A$166:$A$190,0),MATCH($AC$2,'ERP2024'!$A$166:$E$166,0)))*100 -> 4.4582827 | AB13: =IFERROR(INDEX('ERP2025'!$A$8:$F$165,MATCH(CDS!$A13,'ERP2025'!$A$8:$A$165,0),MATCH($AC$1,'ERP2025'!$A$7:$F$7,0)),INDEX('ERP2024'!$A$166:$E$190,MATCH(CDS!$A13,'ERP2025'!$A$166:$A$190,0),MATCH($AC$2,'ERP2025'!$A$166:$E$166,0)))*100 -> 4.4259763
A14: Bahrain | B14: BHR | C14: =IFERROR(CRP!C14/1.5, "") -> 3.25 | D14: =IFERROR(CRP!D14/1.5, "") -> 3.25 | E14: =IFERROR(CRP!E14/1.5, "") -> 1.5 | F14: =IFERROR(CRP!F14/1.5, "") -> 1.5 | G14: =IFERROR(CRP!G14/1.5, "") -> 1.5 | H14: =IFERROR(CRP!H14/1.5, "") -> 1.1 | I14: =IFERROR(CRP!I14/1.5, "") -> 0.85 | J14: =IFERROR(CRP!J14/1.5, "") -> 0.8 | ... O14: =IFERROR(CRP!O14/1.5, "") -> 1.5 | P14: =IFERROR(IFERROR(INDEX('ERP2013'!$A$8:$F$159,MATCH(CDS!$A14,'ERP2013'!$A$8:$A$159,0),MATCH($AC$1,'ERP2013'!$A$7:$F$7,0)),INDEX('ERP2013'!$A$160:$E$184,MATCH(CDS!$A14,'ERP2013'!$A$160:$A$184,0),MATCH($AC$2,'ERP2013'!$A$160:$E$160,0)))*100, "") -> 1.9 | Q14: =IFERROR(IFERROR(INDEX('ERP2014'!$A$8:$F$159,MATCH(CDS!$A14,'ERP2014'!$A$8:$A$159,0),MATCH($AC$1,'ERP2014'!$A$7:$F$7,0)),INDEX('ERP2014'!$A$160:$E$184,MATCH(CDS!$A14,'ERP2014'!$A$160:$A$184,0),MATCH($AC$2,'ERP2014'!$A$160:$E$160,0)))*100, "") -> 1.9 | R14: =IFERROR(IFERROR(INDEX('ERP2015'!$A$8:$F$159,MATCH(CDS!$A14,'ERP2015'!$A$8:$A$159,0),MATCH($AC$1,'ERP2015'!$A$7:$F$7,0)),INDEX('ERP2015'!$A$160:$E$184,MATCH(CDS!$A14,'ERP2015'!$A$160:$A$184,0),MATCH($AC$2,'ERP2015'!$A$160:$E$160,0)))*100, "") -> 3.37 | S14: =IFERROR(IFERROR(INDEX('ERP2016'!$A$8:$F$159,MATCH(CDS!$A14,'ERP2016'!$A$8:$A$159,0),MATCH($AC$1,'ERP2016'!$A$7:$F$7,0)),INDEX('ERP2016'!$A$160:$E$184,MATCH(CDS!$A14,'ERP2016'!$A$160:$A$184,0),MATCH($AC$2,'ERP2016'!$A$160:$E$160,0)))*100, "") -> 3.470526 | T14: =IFERROR(IFERROR(INDEX('ERP2017'!$A$8:$F$159,MATCH(CDS!$A14,'ERP2017'!$A$8:$A$159,0),MATCH($AC$1,'ERP2017'!$A$7:$F$7,0)),INDEX('ERP2017'!$A$160:$E$190,MATCH(CDS!$A14,'ERP2017'!$A$160:$A$190,0),MATCH($AC$2,Table217[#Headers],0)))*100, "") -> 4.6158695 | U14: =IFERROR(IFERROR(INDEX('ERP2018'!$A$8:$F$159,MATCH(CDS!$A14,'ERP2018'!$A$8:$A$159,0),MATCH($AC$1,'ERP2018'!$A$7:$F$7,0)),INDEX('ERP2018'!$A$163:$E$190,MATCH(CDS!$A14,'ERP2018'!$A$163:$A$190,0),MATCH($AC$2,'ERP2018'!$A$163:$E$163,0)))*100, "") -> 6.2094961 | V14: =IFERROR(IFERROR(INDEX('ERP2019'!$A$8:$F$163,MATCH(CDS!$A14,'ERP2019'!$A$8:$A$163,0),MATCH($AC$1,'ERP2019'!$A$7:$F$7,0)),INDEX('ERP2019'!$A$165:$E$190,MATCH(CDS!$A14,'ERP2019'!$A$165:$A$190,0),MATCH($AC$2,'ERP2019'!$A$165:$E$165,0)))*100, "") -> 4.6011462 | W14: =IFERROR(INDEX('ERP2020'!$A$8:$F$165,MATCH(CDS!$A14,'ERP2020'!$A$8:$A$165,0),MATCH($AC$1,'ERP2020'!$A$7:$F$7,0)),INDEX('ERP2020'!$A$166:$E$190,MATCH(CDS!$A14,'ERP2020'!$A$166:$A$190,0),MATCH($AC$2,'ERP2020'!$A$166:$E$166,0)))*100 -> 4.8632414 | X14: =IFERROR(INDEX('ERP2021'!$A$8:$F$165,MATCH(CDS!$A14,'ERP2021'!$A$8:$A$165,0),MATCH($AC$1,'ERP2021'!$A$7:$F$7,0)),INDEX('ERP2021'!$A$166:$E$190,MATCH(CDS!$A14,'ERP2021'!$A$166:$A$190,0),MATCH($AC$2,'ERP2021'!$A$166:$E$166,0)))*100 -> 4.6824429 | Y14: =IFERROR(INDEX('ERP2022'!$A$8:$F$165,MATCH(CDS!$A14,'ERP2022'!$A$8:$A$165,0),MATCH($AC$1,'ERP2022'!$A$7:$F$7,0)),INDEX('ERP2022'!$A$166:$E$190,MATCH(CDS!$A14,'ERP2022'!$A$166:$A$190,0),MATCH($AC$2,'ERP2022'!$A$166:$E$166,0)))*100 -> 6.7301835 | Z14: =IFERROR(INDEX('ERP2023'!$A$8:$F$165,MATCH(CDS!$A14,'ERP2023'!$A$8:$A$165,0),MATCH($AC$1,'ERP2023'!$A$7:$F$7,0)),INDEX('ERP2023'!$A$165:$E$190,MATCH(CDS!$A14,'ERP2023'!$A$165:$A$190,0),MATCH($AC$2,'ERP2023'!$A$165:$E$165,0)))*100 -> 5.9924907 | AA14: =IFERROR(INDEX('ERP2024'!$A$8:$F$165,MATCH(CDS!$A14,'ERP2024'!$A$8:$A$165,0),MATCH($AC$1,'ERP2024'!$A$7:$F$7,0)),INDEX('ERP2024'!$A$166:$E$190,MATCH(CDS!$A14,'ERP2024'!$A$166:$A$190,0),MATCH($AC$2,'ERP2024'!$A$166:$E$166,0)))*100 -> 5.4477188 | AB14: =IFERROR(INDEX('ERP2025'!$A$8:$F$165,MATCH(CDS!$A14,'ERP2025'!$A$8:$A$165,0),MATCH($AC$1,'ERP2025'!$A$7:$F$7,0)),INDEX('ERP2024'!$A$166:$E$190,MATCH(CDS!$A14,'ERP2025'!$A$166:$A$190,0),MATCH($AC$2,'ERP2025'!$A$166:$E$166,0)))*100 -> 5.4082426
... A179: Zimbabwe | B179: ZWE | C179: =IFERROR(CRP!C179/1.5, "") | D179: =IFERROR(CRP!D179/1.5, "") | E179: =IFERROR(CRP!E179/1.5, "") | F179: =IFERROR(CRP!F179/1.5, "") | G179: =IFERROR(CRP!G179/1.5, "") | H179: =IFERROR(CRP!H179/1.5, "") | I179: =IFERROR(CRP!I179/1.5, "") | J179: =IFERROR(CRP!J179/1.5, "") | ... O179: =IFERROR(CRP!O179/1.5, "") | P179: =IFERROR(IFERROR(INDEX('ERP2013'!$A$8:$F$159,MATCH(CDS!$A179,'ERP2013'!$A$8:$A$159,0),MATCH($AC$1,'ERP2013'!$A$7:$F$7,0)),INDEX('ERP2013'!$A$160:$E$184,MATCH(CDS!$A179,'ERP2013'!$A$160:$A$184,0),MATCH($AC$2,'ERP2013'!$A$160:$E$160,0)))*100, "") | Q179: =IFERROR(IFERROR(INDEX('ERP2014'!$A$8:$F$159,MATCH(CDS!$A179,'ERP2014'!$A$8:$A$159,0),MATCH($AC$1,'ERP2014'!$A$7:$F$7,0)),INDEX('ERP2014'!$A$160:$E$184,MATCH(CDS!$A179,'ERP2014'!$A$160:$A$184,0),MATCH($AC$2,'ERP2014'!$A$160:$E$160,0)))*100, "") | R179: =IFERROR(IFERROR(INDEX('ERP2015'!$A$8:$F$159,MATCH(CDS!$A179,'ERP2015'!$A$8:$A$159,0),MATCH($AC$1,'ERP2015'!$A$7:$F$7,0)),INDEX('ERP2015'!$A$160:$E$184,MATCH(CDS!$A179,'ERP2015'!$A$160:$A$184,0),MATCH($AC$2,'ERP2015'!$A$160:$E$160,0)))*100, "") -> 7.85 | S179: =IFERROR(IFERROR(INDEX('ERP2016'!$A$8:$F$159,MATCH(CDS!$A179,'ERP2016'!$A$8:$A$159,0),MATCH($AC$1,'ERP2016'!$A$7:$F$7,0)),INDEX('ERP2016'!$A$160:$E$184,MATCH(CDS!$A179,'ERP2016'!$A$160:$A$184,0),MATCH($AC$2,'ERP2016'!$A$160:$E$160,0)))*100, "") -> 7.85 | T179: =IFERROR(IFERROR(INDEX('ERP2017'!$A$8:$F$159,MATCH(CDS!$A179,'ERP2017'!$A$8:$A$159,0),MATCH($AC$1,'ERP2017'!$A$7:$F$7,0)),INDEX('ERP2017'!$A$160:$E$190,MATCH(CDS!$A179,'ERP2017'!$A$160:$A$190,0),MATCH($AC$2,Table217[#Headers],0)))*100, "") -> 9.23 | U179: =IFERROR(IFERROR(INDEX('ERP2018'!$A$8:$F$159,MATCH(CDS!$A179,'ERP2018'!$A$8:$A$159,0),MATCH($AC$1,'ERP2018'!$A$7:$F$7,0)),INDEX('ERP2018'!$A$163:$E$190,MATCH(CDS!$A179,'ERP2018'!$A$163:$A$190,0),MATCH($AC$2,'ERP2018'!$A$163:$E$163,0)))*100, "") -> 10.159143 | V179: =IFERROR(IFERROR(INDEX('ERP2019'!$A$8:$F$163,MATCH(CDS!$A179,'ERP2019'!$A$8:$A$163,0),MATCH($AC$1,'ERP2019'!$A$7:$F$7,0)),INDEX('ERP2019'!$A$165:$E$190,MATCH(CDS!$A179,'ERP2019'!$A$165:$A$190,0),MATCH($AC$2,'ERP2019'!$A$165:$E$165,0)))*100, "") -> 10.032007 | W179: =IFERROR(INDEX('ERP2020'!$A$8:$F$165,MATCH(CDS!$A179,'ERP2020'!$A$8:$A$165,0),MATCH($AC$1,'ERP2020'!$A$7:$F$7,0)),INDEX('ERP2020'!$A$166:$E$190,MATCH(CDS!$A179,'ERP2020'!$A$166:$A$190,0),MATCH($AC$2,'ERP2020'!$A$166:$E$166,0)))*100 -> 10.603461 | X179: =IFERROR(INDEX('ERP2021'!$A$8:$F$165,MATCH(CDS!$A179,'ERP2021'!$A$8:$A$165,0),MATCH($AC$1,'ERP2021'!$A$7:$F$7,0)),INDEX('ERP2021'!$A$166:$E$190,MATCH(CDS!$A179,'ERP2021'!$A$166:$A$190,0),MATCH($AC$2,'ERP2021'!$A$166:$E$166,0)))*100 -> 6.3788689 | Y179: =IFERROR(INDEX('ERP2022'!$A$8:$F$165,MATCH(CDS!$A179,'ERP2022'!$A$8:$A$165,0),MATCH($AC$1,'ERP2022'!$A$7:$F$7,0)),INDEX('ERP2022'!$A$166:$E$190,MATCH(CDS!$A179,'ERP2022'!$A$166:$A$190,0),MATCH($AC$2,'ERP2022'!$A$166:$E$166,0)))*100 -> 9.1749083 | Z179: =IFERROR(INDEX('ERP2023'!$A$8:$F$165,MATCH(CDS!$A179,'ERP2023'!$A$8:$A$165,0),MATCH($AC$1,'ERP2023'!$A$7:$F$7,0)),INDEX('ERP2023'!$A$165:$E$190,MATCH(CDS!$A179,'ERP2023'!$A$165:$A$190,0),MATCH($AC$2,'ERP2023'!$A$165:$E$165,0)))*100 -> 9.808222 | AA179: =IFERROR(INDEX('ERP2024'!$A$8:$F$165,MATCH(CDS!$A179,'ERP2024'!$A$8:$A$165,0),MATCH($AC$1,'ERP2024'!$A$7:$F$7,0)),INDEX('ERP2024'!$A$166:$E$190,MATCH(CDS!$A179,'ERP2024'!$A$166:$A$190,0),MATCH($AC$2,'ERP2024'!$A$166:$E$166,0)))*100 -> 8.9165654 | AB179: =IFERROR(INDEX('ERP2025'!$A$8:$F$165,MATCH(CDS!$A179,'ERP2025'!$A$8:$A$165,0),MATCH($AC$1,'ERP2025'!$A$7:$F$7,0)),INDEX('ERP2024'!$A$166:$E$190,MATCH(CDS!$A179,'ERP2025'!$A$166:$A$190,0),MATCH($AC$2,'ERP2025'!$A$166:$E$166,0)))*100 -> 8.9165654

Sheet ERP2000
A1: Estimating Country Risk Premiums
A2: To estimate the long term country risk premium, I start with the country rating (from Moody's: www.moodys.com) and estimate the default spread for
A3: that rating (US corporates and country bonds) over the treasury bond rate. This becomes a measure of the added country risk premium for that country.
A4: I add this default spread to the historical risk premium for a mature equity market (estimated from US historical data) to estimate the total risk premium.
A5: In the short term especially, the equity country risk premium is likely to be greater than the country's default spread. You can estimate an adjusted country risk
A6: premium by multiplying the default spread by the relative equity market volatility for that market (Std dev in country equity market/Std dev in country bond)
A8: Enter the current risk premium for a mature equity market | E8: 0.0551 | F8: ! I use the risk premium for the United States for this estimate
A9: Do you want to use current US corporate spreads(C) or country bond spreads (H) | E9: H | F9: The historical spreads represent an average over 5 years
A10: The US corporate spreads come from a deeper market, but the country bond spreads may be a more direct measure of country risk. To update the spreads
A11: go to the bottom of the spreadsheet.
A12: Do you want to adjust the country risk premium for the additional volatility of the equity market? | F12: Yes | G12: ! Yes or No
A13: If no, use the country risk premium from the columns below
A14: If yes, you can adjust the country risk premium for the relative volatility of the equity market below:
A15: Enter the country risk premium from default spread = | E15: 0.055
A16: Enter the standard deviation in the equity market in the country = | E16: 0.61 | F16: ! Use annualized historical volatility
A17: Enter the standard deviation in the long term bond issued by the country = | E17: 0.35 | F17: ! Use annualized historical volatility
A18: The adjusted country risk premium for your country is = | E18: =E15*(E16/E17) -> 0.095857143
E19: =E16/E17 -> 1.7428571
A20: Country | B20: Long-Term Rating | C20: Adj. Default Spread | D20: Total Risk Premium | E20: Country Risk Premium | F20: Has to be sorted in ascending order
A21: Alderney | B21: Aaa | C21: =VLOOKUP(B21,$F$22:$G$37,2) -> 0 | D21: =$E$8+(C21/10000)*1.5 -> 0.0551 | E21: =D21-$E$8 -> 0 | F21: Rating | G21: Default spread in basis points
A22: Andorra | B22: Aa1 | C22: =VLOOKUP(B22,$F$22:$G$37,2) -> 75 | D22: =$E$8+(C22/10000)*1.5 -> 0.06635 | E22: =D22-$E$8 -> 0.01125 | F22: A2 | G22: =IF($E$9="C",C138,D138) -> 125
A23: Argentina | B23: B2 | C23: =VLOOKUP(B23,$F$22:$G$37,2) -> 750 | D23: =$E$8+(C23/10000)*1.5 -> 0.1676 | E23: =D23-$E$8 -> 0.1125 | F23: A3 | G23: =IF($E$9="C",C139,D139) -> 135
A24: Australia | B24: Aa2 | C24: =VLOOKUP(B24,$F$22:$G$37,2) -> 85 | D24: =$E$8+(C24/10000)*1.5 -> 0.06785 | E24: =D24-$E$8 -> 0.01275 | F24: Aa1 | G24: =IF($E$9="C",C140,D140) -> 75
A25: Austria | B25: Aaa | C25: =VLOOKUP(B25,$F$22:$G$37,2) -> 0 | D25: =$E$8+(C25/10000)*1.5 -> 0.0551 | E25: =D25-$E$8 -> 0 | F25: Aa2 | G25: =IF($E$9="C",C141,D141) -> 85
A26: Bahamas | B26: A3 | C26: =VLOOKUP(B26,$F$22:$G$37,2) -> 135 | D26: =$E$8+(C26/10000)*1.5 -> 0.07535 | E26: =D26-$E$8 -> 0.02025 | F26: Aa3 | G26: =IF($E$9="C",C142,D142) -> 90
A27: Bahamas - Off Shore Banking Center | B27: Aaa | C27: =VLOOKUP(B27,$F$22:$G$37,2) -> 0 | D27: =$E$8+(C27/10000)*1.5 -> 0.0551 | E27: =D27-$E$8 -> 0 | F27: Aaa | G27: =IF($E$9="C",C143,D143) -> 0
A28: Bahrain | B28: Ba1 | C28: =VLOOKUP(B28,$F$22:$G$37,2) -> 325 | D28: =$E$8+(C28/10000)*1.5 -> 0.10385 | E28: =D28-$E$8 -> 0.04875 | F28: B1 | G28: =IF($E$9="C",C144,D144) -> 600
A29: Bahrain - Off Shore Banking Center | B29: A3 | C29: =VLOOKUP(B29,$F$22:$G$37,2) -> 135 | D29: =$E$8+(C29/10000)*1.5 -> 0.07535 | E29: =D29-$E$8 -> 0.02025 | F29: B2 | G29: =IF($E$9="C",C145,D145) -> 750
A30: Barbados | B30: Baa2 | C30: =VLOOKUP(B30,$F$22:$G$37,2) -> 175 | D30: =$E$8+(C30/10000)*1.5 -> 0.08135 | E30: =D30-$E$8 -> 0.02625 | F30: B3 | G30: =IF($E$9="C",C146,D146) -> 850
A31: Belgium | B31: Aaa | C31: =VLOOKUP(B31,$F$22:$G$37,2) -> 0 | D31: =$E$8+(C31/10000)*1.5 -> 0.0551 | E31: =D31-$E$8 -> 0 | F31: Ba1 | G31: =IF($E$9="C",C147,D147) -> 325
A32: Belize | B32: Ba2 | C32: =VLOOKUP(B32,$F$22:$G$37,2) -> 400 | D32: =$E$8+(C32/10000)*1.5 -> 0.1151 | E32: =D32-$E$8 -> 0.06 | F32: Ba2 | G32: =IF($E$9="C",C148,D148) -> 400
A33: Bermuda | B33: Aa1 | C33: =VLOOKUP(B33,$F$22:$G$37,2) -> 75 | D33: =$E$8+(C33/10000)*1.5 -> 0.06635 | E33: =D33-$E$8 -> 0.01125 | F33: Ba3 | G33: =IF($E$9="C",C149,D149) -> 525
... A37: Bulgaria | B37: B2 | C37: =VLOOKUP(B37,$F$22:$G$37,2) -> 750 | D37: =$E$8+(C37/10000)*1.5 -> 0.1676 | E37: =D37-$E$8 -> 0.1125 | F37: Caa | G37: =IF($E$9="C",C153,D153) -> 900
A38: Canada | B38: Aa1 | C38: =VLOOKUP(B38,$F$22:$G$37,2) -> 75 | D38: =$E$8+(C38/10000)*1.5 -> 0.06635 | E38: =D38-$E$8 -> 0.01125 | F38: Source: www.bondsonline.com
A39: Cayman Islands | B39: Aa3 | C39: =VLOOKUP(B39,$F$22:$G$37,2) -> 90 | D39: =$E$8+(C39/10000)*1.5 -> 0.0686 | E39: =D39-$E$8 -> 0.0135
A40: Cayman Islands - Off Shore Banking Center | B40: Aaa | C40: =VLOOKUP(B40,$F$22:$G$37,2) -> 0 | D40: =$E$8+(C40/10000)*1.5 -> 0.0551 | E40: =D40-$E$8 -> 0
A41: Chile | B41: Baa1 | C41: =VLOOKUP(B41,$F$22:$G$37,2) -> 150 | D41: =$E$8+(C41/10000)*1.5 -> 0.0776 | E41: =D41-$E$8 -> 0.0225
A42: China | B42: A3 | C42: =VLOOKUP(B42,$F$22:$G$37,2) -> 135 | D42: =$E$8+(C42/10000)*1.5 -> 0.07535 | E42: =D42-$E$8 -> 0.02025
A43: Colombia | B43: Ba2 | C43: =VLOOKUP(B43,$F$22:$G$37,2) -> 400 | D43: =$E$8+(C43/10000)*1.5 -> 0.1151 | E43: =D43-$E$8 -> 0.06
A44: Costa Rica | B44: Ba1 | C44: =VLOOKUP(B44,$F$22:$G$37,2) -> 325 | D44: =$E$8+(C44/10000)*1.5 -> 0.10385 | E44: =D44-$E$8 -> 0.04875
A45: Croatia | B45: Baa3 | C45: =VLOOKUP(B45,$F$22:$G$37,2) -> 200 | D45: =$E$8+(C45/10000)*1.5 -> 0.0851 | E45: =D45-$E$8 -> 0.03
A46: Cuba | B46: Caa1 | C46: =VLOOKUP(B46,$F$22:$G$37,2) -> 900 | D46: =$E$8+(C46/10000)*1.5 -> 0.1901 | E46: =D46-$E$8 -> 0.135
A47: Cyprus | B47: A2 | C47: =VLOOKUP(B47,$F$22:$G$37,2) -> 125 | D47: =$E$8+(C47/10000)*1.5 -> 0.07385 | E47: =D47-$E$8 -> 0.01875
A48: Czech Republic | B48: Baa1 | C48: =VLOOKUP(B48,$F$22:$G$37,2) -> 150 | D48: =$E$8+(C48/10000)*1.5 -> 0.0776 | E48: =D48-$E$8 -> 0.0225
A49: Denmark | B49: Aaa | C49: =VLOOKUP(B49,$F$22:$G$37,2) -> 0 | D49: =$E$8+(C49/10000)*1.5 -> 0.0551 | E49: =D49-$E$8 -> 0
A50: Dominican Republic | B50: B1 | C50: =VLOOKUP(B50,$F$22:$G$37,2) -> 600 | D50: =$E$8+(C50/10000)*1.5 -> 0.1451 | E50: =D50-$E$8 -> 0.09
... A134: Vietnam | B134: B1 | C134: =VLOOKUP(B134,$F$22:$G$37,2) -> 600 | D134: =$E$8+(C134/10000)*1.5 -> 0.1451 | E134: =D134-$E$8 -> 0.09
B136: Rating | C136: Corporate (C) | D136: Country Bond (H) | E136: Corporate spreads: http://www.bondsonline.com
B137: A1 | C137: 80 | D137: 100 | E137: Country Bond: http://www.bradynet.com
B138: A2 | C138: 90 | D138: 125
B139: A3 | C139: 95 | D139: 135
B140: Aa1 | C140: 60 | D140: 75
B141: Aa2 | C141: 65 | D141: 85
B142: Aa3 | C142: 70 | D142: 90
B143: Aaa | C143: 0 | D143: 0
B144: B1 | C144: 450 | D144: 600
B145: B2 | C145: 550 | D145: 750
B146: B3 | C146: 650 | D146: 850
B147: Ba1 | C147: 250 | D147: 325
B148: Ba2 | C148: 300 | D148: 400
B149: Ba3 | C149: 400 | D149: 525
... B153: Caa | C153: 750 | D153: 900

Sheet ERP2001
A1: Estimating Country Risk Premiums
A2: To estimate the long term country risk premium, I start with the country rating (from Moody's: www.moodys.com) and estimate the default spread for
A3: that rating (US corporates and country bonds) over the treasury bond rate. This becomes a measure of the added country risk premium for that country.
A4: I add this default spread to the historical risk premium for a mature equity market (estimated from US historical data) to estimate the total risk premium.
A5: In the short term especially, the equity country risk premium is likely to be greater than the country's default spread. You can estimate an adjusted country risk
A6: premium by multiplying the default spread by the relative equity market volatility for that market (Std dev in country equity market/Std dev in country bond)
A8: Enter the current risk premium for a mature equity market | E8: 0.0551 | F8: ! I use the risk premium for the United States for this estimate
A9: Do you want to use current US corporate spreads(C) or country bond spreads (H) | E9: H | F9: The historical spreads represent an average over 5 years
A10: The US corporate spreads come from a deeper market, but the country bond spreads may be a more direct measure of country risk. To update the spreads
A11: go to the bottom of the spreadsheet.
A12: Do you want to adjust the country risk premium for the additional volatility of the equity market? | F12: Yes | G12: ! Yes or No
A13: If no, use the country risk premium from the columns below
A14: If yes, you can adjust the country risk premium for the relative volatility of the equity market below:
A15: Enter the country risk premium from default spread = | E15: 0.055
A16: Enter the standard deviation in the equity market in the country = | E16: 0.61 | F16: ! Use annualized historical volatility
A17: Enter the standard deviation in the long term bond issued by the country = | E17: 0.35 | F17: ! Use annualized historical volatility
A18: The adjusted country risk premium for your country is = | E18: =E15*(E16/E17) -> 0.095857143
E19: =E16/E17 -> 1.7428571
A20: Country | B20: Long-Term Rating | C20: Adj. Default Spread | D20: Total Risk Premium | E20: Country Risk Premium | F20: Has to be sorted in ascending order
A21: Alderney | B21: Aaa | C21: =VLOOKUP(B21,$F$22:$G$38,2) -> 0 | D21: =$E$8+(C21/10000)*1.5 -> 0.0551 | E21: =D21-$E$8 -> 0 | F21: Rating | G21: Default spread in basis points
A22: Andorra | B22: Aaa | C22: =VLOOKUP(B22,$F$22:$G$38,2) -> 0 | D22: =$E$8+(C22/10000)*1.5 -> 0.0551 | E22: =D22-$E$8 -> 0 | F22: A2 | G22: =IF($E$9="C",C138,D138) -> 125
A23: Argentina | B23: Ca | C23: =VLOOKUP(B23,$F$22:$G$38,2) -> 900 | D23: =$E$8+(C23/10000)*1.5 -> 0.1901 | E23: =D23-$E$8 -> 0.135 | F23: A3 | G23: =IF($E$9="C",C139,D139) -> 135
A24: Australia | B24: Aa2 | C24: =VLOOKUP(B24,$F$22:$G$38,2) -> 85 | D24: =$E$8+(C24/10000)*1.5 -> 0.06785 | E24: =D24-$E$8 -> 0.01275 | F24: Aa1 | G24: =IF($E$9="C",C140,D140) -> 75
A25: Austria | B25: Aaa | C25: =VLOOKUP(B25,$F$22:$G$38,2) -> 0 | D25: =$E$8+(C25/10000)*1.5 -> 0.0551 | E25: =D25-$E$8 -> 0 | F25: Aa2 | G25: =IF($E$9="C",C141,D141) -> 85
A26: Bahamas | B26: A3 | C26: =VLOOKUP(B26,$F$22:$G$38,2) -> 135 | D26: =$E$8+(C26/10000)*1.5 -> 0.07535 | E26: =D26-$E$8 -> 0.02025 | F26: Aa3 | G26: =IF($E$9="C",C142,D142) -> 90
A27: Bahamas - Off Shore Banking Center | B27: Aaa | C27: =VLOOKUP(B27,$F$22:$G$38,2) -> 0 | D27: =$E$8+(C27/10000)*1.5 -> 0.0551 | E27: =D27-$E$8 -> 0 | F27: Aaa | G27: =IF($E$9="C",C143,D143) -> 0
A28: Bahrain | B28: Ba1 | C28: =VLOOKUP(B28,$F$22:$G$38,2) -> 325 | D28: =$E$8+(C28/10000)*1.5 -> 0.10385 | E28: =D28-$E$8 -> 0.04875 | F28: B1 | G28: =IF($E$9="C",C144,D144) -> 600
A29: Bahrain - Off Shore Banking Center | B29: A3 | C29: =VLOOKUP(B29,$F$22:$G$38,2) -> 135 | D29: =$E$8+(C29/10000)*1.5 -> 0.07535 | E29: =D29-$E$8 -> 0.02025 | F29: B2 | G29: =IF($E$9="C",C145,D145) -> 750
A30: Barbados | B30: Baa2 | C30: =VLOOKUP(B30,$F$22:$G$38,2) -> 175 | D30: =$E$8+(C30/10000)*1.5 -> 0.08135 | E30: =D30-$E$8 -> 0.02625 | F30: B3 | G30: =IF($E$9="C",C146,D146) -> 850
A31: Belgium | B31: Aaa | C31: =VLOOKUP(B31,$F$22:$G$38,2) -> 0 | D31: =$E$8+(C31/10000)*1.5 -> 0.0551 | E31: =D31-$E$8 -> 0 | F31: Ba1 | G31: =IF($E$9="C",C147,D147) -> 325
A32: Belize | B32: Ba2 | C32: =VLOOKUP(B32,$F$22:$G$38,2) -> 400 | D32: =$E$8+(C32/10000)*1.5 -> 0.1151 | E32: =D32-$E$8 -> 0.06 | F32: Ba2 | G32: =IF($E$9="C",C148,D148) -> 400
A33: Bermuda | B33: Aa1 | C33: =VLOOKUP(B33,$F$22:$G$38,2) -> 75 | D33: =$E$8+(C33/10000)*1.5 -> 0.06635 | E33: =D33-$E$8 -> 0.01125 | F33: Ba3 | G33: =IF($E$9="C",C149,D149) -> 525
... A36: Brazil | B36: B1 | C36: =VLOOKUP(B36,$F$22:$G$38,2) -> 600 | D36: =$E$8+(C36/10000)*1.5 -> 0.1451 | E36: =D36-$E$8 -> 0.09 | F36: Baa3 | G36: =IF($E$9="C",C152,D152) -> 200
A37: Bulgaria | B37: B1 | C37: =VLOOKUP(B37,$F$22:$G$38,2) -> 600 | D37: =$E$8+(C37/10000)*1.5 -> 0.1451 | E37: =D37-$E$8 -> 0.09 | F37: Ca | G37: 900
A38: Canada | B38: Aa1 | C38: =VLOOKUP(B38,$F$22:$G$38,2) -> 75 | D38: =$E$8+(C38/10000)*1.5 -> 0.06635 | E38: =D38-$E$8 -> 0.01125 | F38: Caa | G38: 750
A39: Cayman Islands | B39: Aa3 | C39: =VLOOKUP(B39,$F$22:$G$38,2) -> 90 | D39: =$E$8+(C39/10000)*1.5 -> 0.0686 | E39: =D39-$E$8 -> 0.0135 | F39: Source: www.bondsonline.com
A40: Cayman Islands - Off Shore Banking Center | B40: Aaa | C40: =VLOOKUP(B40,$F$22:$G$38,2) -> 0 | D40: =$E$8+(C40/10000)*1.5 -> 0.0551 | E40: =D40-$E$8 -> 0
A41: Chile | B41: Baa1 | C41: =VLOOKUP(B41,$F$22:$G$38,2) -> 150 | D41: =$E$8+(C41/10000)*1.5 -> 0.0776 | E41: =D41-$E$8 -> 0.0225
A42: China | B42: A3 | C42: =VLOOKUP(B42,$F$22:$G$38,2) -> 135 | D42: =$E$8+(C42/10000)*1.5 -> 0.07535 | E42: =D42-$E$8 -> 0.02025
A43: Colombia | B43: Ba2 | C43: =VLOOKUP(B43,$F$22:$G$38,2) -> 400 | D43: =$E$8+(C43/10000)*1.5 -> 0.1151 | E43: =D43-$E$8 -> 0.06
A44: Costa Rica | B44: Ba1 | C44: =VLOOKUP(B44,$F$22:$G$38,2) -> 325 | D44: =$E$8+(C44/10000)*1.5 -> 0.10385 | E44: =D44-$E$8 -> 0.04875
A45: Croatia | B45: Baa3 | C45: =VLOOKUP(B45,$F$22:$G$38,2) -> 200 | D45: =$E$8+(C45/10000)*1.5 -> 0.0851 | E45: =D45-$E$8 -> 0.03
A46: Cuba | B46: Caa1 | C46: =VLOOKUP(B46,$F$22:$G$38,2) -> 750 | D46: =$E$8+(C46/10000)*1.5 -> 0.1676 | E46: =D46-$E$8 -> 0.1125
A47: Cyprus | B47: A2 | C47: =VLOOKUP(B47,$F$22:$G$38,2) -> 125 | D47: =$E$8+(C47/10000)*1.5 -> 0.07385 | E47: =D47-$E$8 -> 0.01875
A48: Czech Republic | B48: Baa1 | C48: =VLOOKUP(B48,$F$22:$G$38,2) -> 150 | D48: =$E$8+(C48/10000)*1.5 -> 0.0776 | E48: =D48-$E$8 -> 0.0225
A49: Denmark | B49: Aaa | C49: =VLOOKUP(B49,$F$22:$G$38,2) -> 0 | D49: =$E$8+(C49/10000)*1.5 -> 0.0551 | E49: =D49-$E$8 -> 0
A50: Dominican Republic | B50: Ba2 | C50: =VLOOKUP(B50,$F$22:$G$38,2) -> 400 | D50: =$E$8+(C50/10000)*1.5 -> 0.1151 | E50: =D50-$E$8 -> 0.06
A51: Ecuador | B51: Caa2 | C51: =VLOOKUP(B51,$F$22:$G$38,2) -> 750 | D51: =$E$8+(C51/10000)*1.5 -> 0.1676 | E51: =D51-$E$8 -> 0.1125
... A134: Vietnam | B134: B1 | C134: =VLOOKUP(B134,$F$22:$G$38,2) -> 600 | D134: =$E$8+(C134/10000)*1.5 -> 0.1451 | E134: =D134-$E$8 -> 0.09
B136: Rating | C136: Corporate (C) | D136: Country Bond (H) | E136: Corporate spreads: http://www.bondsonline.com
B137: A1 | C137: 80 | D137: 100 | E137: Country Bond: http://www.bradynet.com
B138: A2 | C138: 90 | D138: 125
B139: A3 | C139: 95 | D139: 135
B140: Aa1 | C140: 60 | D140: 75
B141: Aa2 | C141: 65 | D141: 85
B142: Aa3 | C142: 70 | D142: 90
B143: Aaa | C143: 0 | D143: 0
B144: B1 | C144: 450 | D144: 600
B145: B2 | C145: 550 | D145: 750
B146: B3 | C146: 650 | D146: 850
B147: Ba1 | C147: 250 | D147: 325
B148: Ba2 | C148: 300 | D148: 400
B149: Ba3 | C149: 400 | D149: 525
... B154: Ca | C154: 900 | D154: 1100

Sheet ERP2002
A1: Estimating Country Risk Premiums
A2: To estimate the long term country risk premium, I start with the country rating (from Moody's: www.moodys.com) and estimate the default spread for
A3: that rating (US corporates and country bonds) over the treasury bond rate. This becomes a measure of the added country risk premium for that country.
A4: I add this default spread to the historical risk premium for a mature equity market (estimated from US historical data) to estimate the total risk premium.
A5: In the short term especially, the equity country risk premium is likely to be greater than the country's default spread. You can estimate an adjusted country risk
A6: premium by multiplying the default spread by the relative equity market volatility for that market (Std dev in country equity market/Std dev in country bond)
A7: In this spreadsheet, I have used the global average of equity to bond market volatility of 1.5 to estimate the country equity risk premium.
A9: Enter the current risk premium for a mature equity market | E9: 0.0451 | F9: ! I use the risk premium for the United States for this estimate
A10: Do you want to use current US corporate spreads(C) or country bond spreads (H) | E10: H | F10: The historical spreads represent an average over 5 years
A11: The US corporate spreads come from a deeper market, but the country bond spreads may be a more direct measure of country risk. To update the spreads
A12: go to the bottom of the spreadsheet.
A13: Do you want to adjust the country risk premium for the additional volatility of the equity market? | F13: Yes | G13: ! Yes or No
A14: If no, use the country risk premium from the columns below
A15: If yes, you can adjust the country risk premium for the relative volatility of the equity market below:
A16: Enter the country risk premium from default spread = | E16: 0.055
A17: Enter the standard deviation in the equity market in the country = | E17: 0.61 | F17: ! Use annualized historical volatility
A18: Enter the standard deviation in the long term bond issued by the country = | E18: 0.35 | F18: ! Use annualized historical volatility
A19: The adjusted country risk premium for your country is = | E19: =E16*(E17/E18) -> 0.095857143
E20: =E17/E18 -> 1.7428571
A21: Country | B21: Long-Term Rating | C21: Adj. Default Spread | D21: Total Risk Premium | E21: Country Risk Premium | F21: Has to be sorted in ascending order
A22: =[1]Sheet2!A2 -> Alderney | B22: =[1]Sheet2!C2 -> Aaa | C22: =VLOOKUP(B22,$F$23:$G$40,2) -> 0 | D22: =$E$9+(C22/10000)*1.5 -> 0.0451 | E22: =D22-$E$9 -> 0 | F22: Rating | G22: Default spread in basis points
A23: =[1]Sheet2!A3 -> Andorra | B23: =[1]Sheet2!C3 -> Aaa | C23: =VLOOKUP(B23,$F$23:$G$40,2) -> 0 | D23: =$E$9+(C23/10000)*1.5 -> 0.0451 | E23: =D23-$E$9 -> 0 | F23: A1 | G23: =IF($E$10="C",C144,D144) -> 100
A24: =[1]Sheet2!A4 -> Argentina | B24: =[1]Sheet2!C4 -> Ca | C24: =VLOOKUP(B24,$F$23:$G$40,2) -> 900 | D24: =$E$9+(C24/10000)*1.5 -> 0.1801 | E24: =D24-$E$9 -> 0.135 | F24: A2 | G24: =IF($E$10="C",C145,D145) -> 125
A25: =[1]Sheet2!A5 -> Australia | B25: =[1]Sheet2!C5 -> Aaa | C25: =VLOOKUP(B25,$F$23:$G$40,2) -> 0 | D25: =$E$9+(C25/10000)*1.5 -> 0.0451 | E25: =D25-$E$9 -> 0 | F25: A3 | G25: =IF($E$10="C",C146,D146) -> 135
A26: =[1]Sheet2!A6 -> Austria | B26: =[1]Sheet2!C6 -> Aaa | C26: =VLOOKUP(B26,$F$23:$G$40,2) -> 0 | D26: =$E$9+(C26/10000)*1.5 -> 0.0451 | E26: =D26-$E$9 -> 0 | F26: Aa1 | G26: =IF($E$10="C",C147,D147) -> 75
A27: =[1]Sheet2!A7 -> Bahamas | B27: A1 | C27: =VLOOKUP(B27,$F$23:$G$40,2) -> 100 | D27: =$E$9+(C27/10000)*1.5 -> 0.0601 | E27: =D27-$E$9 -> 0.015 | F27: Aa2 | G27: =IF($E$10="C",C148,D148) -> 85
A28: =[1]Sheet2!A8 -> Bahamas | B28: =[1]Sheet2!C8 -> A3 | C28: =VLOOKUP(B28,$F$23:$G$40,2) -> 135 | D28: =$E$9+(C28/10000)*1.5 -> 0.06535 | E28: =D28-$E$9 -> 0.02025 | F28: Aa3 | G28: =IF($E$10="C",C149,D149) -> 90
A29: =[1]Sheet2!A9 -> Bahrain | B29: =[1]Sheet2!C9 -> Baa1 | C29: =VLOOKUP(B29,$F$23:$G$40,2) -> 150 | D29: =$E$9+(C29/10000)*1.5 -> 0.0676 | E29: =D29-$E$9 -> 0.0225 | F29: Aaa | G29: =IF($E$10="C",C150,D150) -> 0
A30: =[1]Sheet2!A10 -> Barbados | B30: =[1]Sheet2!C10 -> A3 | C30: =VLOOKUP(B30,$F$23:$G$40,2) -> 135 | D30: =$E$9+(C30/10000)*1.5 -> 0.06535 | E30: =D30-$E$9 -> 0.02025 | F30: B1 | G30: =IF($E$10="C",C151,D151) -> 600
A31: =[1]Sheet2!A11 -> Belgium | B31: =[1]Sheet2!C11 -> Aa1 | C31: =VLOOKUP(B31,$F$23:$G$40,2) -> 75 | D31: =$E$9+(C31/10000)*1.5 -> 0.05635 | E31: =D31-$E$9 -> 0.01125 | F31: B2 | G31: =IF($E$10="C",C152,D152) -> 750
A32: =[1]Sheet2!A12 -> Belize | B32: =[1]Sheet2!C12 -> Ba1 | C32: =VLOOKUP(B32,$F$23:$G$40,2) -> 325 | D32: =$E$9+(C32/10000)*1.5 -> 0.09385 | E32: =D32-$E$9 -> 0.04875 | F32: B3 | G32: =IF($E$10="C",C153,D153) -> 850
A33: =[1]Sheet2!A13 -> Bermuda | B33: =[1]Sheet2!C13 -> Aaa | C33: =VLOOKUP(B33,$F$23:$G$40,2) -> 0 | D33: =$E$9+(C33/10000)*1.5 -> 0.0451 | E33: =D33-$E$9 -> 0 | F33: Ba1 | G33: =IF($E$10="C",C154,D154) -> 325
A34: =[1]Sheet2!A14 -> Bolivia | B34: =[1]Sheet2!C14 -> B1 | C34: =VLOOKUP(B34,$F$23:$G$40,2) -> 600 | D34: =$E$9+(C34/10000)*1.5 -> 0.1351 | E34: =D34-$E$9 -> 0.09 | F34: Ba2 | G34: =IF($E$10="C",C155,D155) -> 400
A35: =[1]Sheet2!A15 -> Botswana | B35: =[1]Sheet2!C15 -> A1 | C35: =VLOOKUP(B35,$F$23:$G$40,2) -> 100 | D35: =$E$9+(C35/10000)*1.5 -> 0.0601 | E35: =D35-$E$9 -> 0.015 | F35: Ba3 | G35: =IF($E$10="C",C156,D156) -> 525
A36: =[1]Sheet2!A16 -> Brazil | B36: =[1]Sheet2!C16 -> B2 | C36: =VLOOKUP(B36,$F$23:$G$40,2) -> 750 | D36: =$E$9+(C36/10000)*1.5 -> 0.1576 | E36: =D36-$E$9 -> 0.1125 | F36: Baa1 | G36: =IF($E$10="C",C157,D157) -> 150
A37: =[1]Sheet2!A17 -> Bulgaria | B37: =[1]Sheet2!C17 -> B1 | C37: =VLOOKUP(B37,$F$23:$G$40,2) -> 600 | D37: =$E$9+(C37/10000)*1.5 -> 0.1351 | E37: =D37-$E$9 -> 0.09 | F37: Baa2 | G37: =IF($E$10="C",C158,D158) -> 175
A38: =[1]Sheet2!A18 -> Canada | B38: =[1]Sheet2!C18 -> Aaa | C38: =VLOOKUP(B38,$F$23:$G$40,2) -> 0 | D38: =$E$9+(C38/10000)*1.5 -> 0.0451 | E38: =D38-$E$9 -> 0 | F38: Baa3 | G38: =IF($E$10="C",C159,D159) -> 200
A39: =[1]Sheet2!A19 -> Cayman Islands | B39: =[1]Sheet2!C19 -> Aa3 | C39: =VLOOKUP(B39,$F$23:$G$40,2) -> 90 | D39: =$E$9+(C39/10000)*1.5 -> 0.0586 | E39: =D39-$E$9 -> 0.0135 | F39: Ca | G39: 900
A40: =[1]Sheet2!A20 -> Chile | B40: =[1]Sheet2!C20 -> A1 | C40: =VLOOKUP(B40,$F$23:$G$40,2) -> 100 | D40: =$E$9+(C40/10000)*1.5 -> 0.0601 | E40: =D40-$E$9 -> 0.015 | F40: Caa | G40: 750
A41: =[1]Sheet2!A21 -> China | B41: =[1]Sheet2!C21 -> A3 | C41: =VLOOKUP(B41,$F$23:$G$40,2) -> 135 | D41: =$E$9+(C41/10000)*1.5 -> 0.06535 | E41: =D41-$E$9 -> 0.02025 | F41: Source: www.bondsonline.com
A42: =[1]Sheet2!A22 -> Colombia | B42: =[1]Sheet2!C22 -> Baa2 | C42: =VLOOKUP(B42,$F$23:$G$40,2) -> 175 | D42: =$E$9+(C42/10000)*1.5 -> 0.07135 | E42: =D42-$E$9 -> 0.02625
A43: =[1]Sheet2!A23 -> Costa Rica | B43: =[1]Sheet2!C23 -> Ba1 | C43: =VLOOKUP(B43,$F$23:$G$40,2) -> 325 | D43: =$E$9+(C43/10000)*1.5 -> 0.09385 | E43: =D43-$E$9 -> 0.04875
A44: =[1]Sheet2!A24 -> Croatia | B44: =[1]Sheet2!C24 -> Baa1 | C44: =VLOOKUP(B44,$F$23:$G$40,2) -> 150 | D44: =$E$9+(C44/10000)*1.5 -> 0.0676 | E44: =D44-$E$9 -> 0.0225
A45: =[1]Sheet2!A25 -> Cuba | B45: =[1]Sheet2!C25 -> Caa1 | C45: =VLOOKUP(B45,$F$23:$G$40,2) -> 750 | D45: =$E$9+(C45/10000)*1.5 -> 0.1576 | E45: =D45-$E$9 -> 0.1125
A46: =[1]Sheet2!A26 -> Cyprus | B46: =[1]Sheet2!C26 -> A2 | C46: =VLOOKUP(B46,$F$23:$G$40,2) -> 125 | D46: =$E$9+(C46/10000)*1.5 -> 0.06385 | E46: =D46-$E$9 -> 0.01875
A47: =[1]Sheet2!A27 -> Czech Republic | B47: =[1]Sheet2!C27 -> A1 | C47: =VLOOKUP(B47,$F$23:$G$40,2) -> 100 | D47: =$E$9+(C47/10000)*1.5 -> 0.0601 | E47: =D47-$E$9 -> 0.015
A48: =[1]Sheet2!A28 -> Denmark | B48: =[1]Sheet2!C28 -> Aaa | C48: =VLOOKUP(B48,$F$23:$G$40,2) -> 0 | D48: =$E$9+(C48/10000)*1.5 -> 0.0451 | E48: =D48-$E$9 -> 0
A49: =[1]Sheet2!A29 -> Dominican Republic | B49: =[1]Sheet2!C29 -> Ba2 | C49: =VLOOKUP(B49,$F$23:$G$40,2) -> 400 | D49: =$E$9+(C49/10000)*1.5 -> 0.1051 | E49: =D49-$E$9 -> 0.06
A50: =[1]Sheet2!A30 -> Ecuador | B50: =[1]Sheet2!C30 -> Caa1 | C50: =VLOOKUP(B50,$F$23:$G$40,2) -> 750 | D50: =$E$9+(C50/10000)*1.5 -> 0.1576 | E50: =D50-$E$9 -> 0.1125
A51: =[1]Sheet2!A31 -> Egypt | B51: =[1]Sheet2!C31 -> Baa1 | C51: =VLOOKUP(B51,$F$23:$G$40,2) -> 150 | D51: =$E$9+(C51/10000)*1.5 -> 0.0676 | E51: =D51-$E$9 -> 0.0225
A52: =[1]Sheet2!A32 -> El Salvador | B52: =[1]Sheet2!C32 -> Baa2 | C52: =VLOOKUP(B52,$F$23:$G$40,2) -> 175 | D52: =$E$9+(C52/10000)*1.5 -> 0.07135 | E52: =D52-$E$9 -> 0.02625
A53: =[1]Sheet2!A33 -> Estonia | B53: =[1]Sheet2!C33 -> A1 | C53: =VLOOKUP(B53,$F$23:$G$40,2) -> 100 | D53: =$E$9+(C53/10000)*1.5 -> 0.0601 | E53: =D53-$E$9 -> 0.015
... A64: =[1]Sheet2!A44 -> Honduras | B64: =[1]Sheet2!C44 -> B2 | C64: =VLOOKUP(B64,$F$23:$G$40,2) -> 750 | D64: =$E$9+(C64/10000)*1.5 -> 0.1576 | E64: =D64-$E$9 -> 0.1125
A65: =[1]Sheet2!A45 -> Hungary | B65: A1 | C65: =VLOOKUP(B65,$F$23:$G$40,2) -> 100 | D65: =$E$9+(C65/10000)*1.5 -> 0.0601 | E65: =D65-$E$9 -> 0.015
A66: =[1]Sheet2!A46 -> Iceland | B66: =[1]Sheet2!C46 -> Aaa | C66: =VLOOKUP(B66,$F$23:$G$40,2) -> 0 | D66: =$E$9+(C66/10000)*1.5 -> 0.0451 | E66: =D66-$E$9 -> 0
A67: =[1]Sheet2!A47 -> India | B67: =[1]Sheet2!C47 -> Ba2 | C67: =VLOOKUP(B67,$F$23:$G$40,2) -> 400 | D67: =$E$9+(C67/10000)*1.5 -> 0.1051 | E67: =D67-$E$9 -> 0.06
A68: =[1]Sheet2!A48 -> Indonesia | B68: =[1]Sheet2!C48 -> B3 | C68: =VLOOKUP(B68,$F$23:$G$40,2) -> 850 | D68: =$E$9+(C68/10000)*1.5 -> 0.1726 | E68: =D68-$E$9 -> 0.1275
A69: =[1]Sheet2!A49 -> Ireland | B69: =[1]Sheet2!C49 -> Aaa | C69: =VLOOKUP(B69,$F$23:$G$40,2) -> 0 | D69: =$E$9+(C69/10000)*1.5 -> 0.0451 | E69: =D69-$E$9 -> 0
A70: =[1]Sheet2!A50 -> Isle of Man | B70: =[1]Sheet2!C50 -> Aaa | C70: =VLOOKUP(B70,$F$23:$G$40,2) -> 0 | D70: =$E$9+(C70/10000)*1.5 -> 0.0451 | E70: =D70-$E$9 -> 0
A71: =[1]Sheet2!A51 -> Israel | B71: =[1]Sheet2!C51 -> A2 | C71: =VLOOKUP(B71,$F$23:$G$40,2) -> 125 | D71: =$E$9+(C71/10000)*1.5 -> 0.06385 | E71: =D71-$E$9 -> 0.01875
A72: =[1]Sheet2!A52 -> Italy | B72: =[1]Sheet2!C52 -> Aa2 | C72: =VLOOKUP(B72,$F$23:$G$40,2) -> 85 | D72: =$E$9+(C72/10000)*1.5 -> 0.05785 | E72: =D72-$E$9 -> 0.01275
A73: =[1]Sheet2!A53 -> Jersey | B73: =[1]Sheet2!C53 -> Aaa | C73: =VLOOKUP(B73,$F$23:$G$40,2) -> 0 | D73: =$E$9+(C73/10000)*1.5 -> 0.0451 | E73: =D73-$E$9 -> 0
A74: =[1]Sheet2!A54 -> Jamaica | B74: =[1]Sheet2!C54 -> Baa3 | C74: =VLOOKUP(B74,$F$23:$G$40,2) -> 200 | D74: =$E$9+(C74/10000)*1.5 -> 0.0751 | E74: =D74-$E$9 -> 0.03
A75: =[1]Sheet2!A55 -> Japan | B75: =[1]Sheet2!C55 -> A2 | C75: =VLOOKUP(B75,$F$23:$G$40,2) -> 125 | D75: =$E$9+(C75/10000)*1.5 -> 0.06385 | E75: =D75-$E$9 -> 0.01875
A76: =[1]Sheet2!A56 -> Jordan | B76: =[1]Sheet2!C56 -> Ba3 | C76: =VLOOKUP(B76,$F$23:$G$40,2) -> 525 | D76: =$E$9+(C76/10000)*1.5 -> 0.12385 | E76: =D76-$E$9 -> 0.07875
A77: =[1]Sheet2!A57 -> Kazakhstan | B77: =[1]Sheet2!C57 -> Baa1 | C77: =VLOOKUP(B77,$F$23:$G$40,2) -> 150 | D77: =$E$9+(C77/10000)*1.5 -> 0.0676 | E77: =D77-$E$9 -> 0.0225
... A125: =[1]Sheet2!A105 -> Ukraine | B125: =[1]Sheet2!C105 -> B2 | C125: =VLOOKUP(B125,$F$23:$G$40,2) -> 750 | D125: =$E$9+(C125/10000)*1.5 -> 0.1576 | E125: =D125-$E$9 -> 0.1125
A126: =[1]Sheet2!A106 -> United Arab Emirate | B126: A2 | C126: =VLOOKUP(B126,$F$23:$G$40,2) -> 125 | D126: =$E$9+(C126/10000)*1.5 -> 0.06385 | E126: =D126-$E$9 -> 0.01875
A127: =[1]Sheet2!A107 -> United Kingdom | B127: =[1]Sheet2!C107 -> Aaa | C127: =VLOOKUP(B127,$F$23:$G$40,2) -> 0 | D127: =$E$9+(C127/10000)*1.5 -> 0.0451 | E127: =D127-$E$9 -> 0
A128: =[1]Sheet2!A108 -> United States of America | B128: =[1]Sheet2!C108 -> Aaa | C128: =VLOOKUP(B128,$F$23:$G$40,2) -> 0 | D128: =$E$9+(C128/10000)*1.5 -> 0.0451 | E128: =D128-$E$9 -> 0
A129: =[1]Sheet2!A109 -> Uruguay | B129: =[1]Sheet2!C109 -> B3 | C129: =VLOOKUP(B129,$F$23:$G$40,2) -> 850 | D129: =$E$9+(C129/10000)*1.5 -> 0.1726 | E129: =D129-$E$9 -> 0.1275
A130: =[1]Sheet2!A110 -> Venezuela | B130: =[1]Sheet2!C110 -> Caa1 | C130: =VLOOKUP(B130,$F$23:$G$40,2) -> 750 | D130: =$E$9+(C130/10000)*1.5 -> 0.1576 | E130: =D130-$E$9 -> 0.1125
A131: =[1]Sheet2!A111 -> Vietnam | B131: =[1]Sheet2!C111 -> B1 | C131: =VLOOKUP(B131,$F$23:$G$40,2) -> 600 | D131: =$E$9+(C131/10000)*1.5 -> 0.1351 | E131: =D131-$E$9 -> 0.09
B143: Rating | C143: Corporate (C) | D143: Country Bond (H) | E143: Corporate spreads: http://www.bondsonline.com
B144: A1 | C144: 80 | D144: 100 | E144: Country Bond: http://www.bradynet.com
B145: A2 | C145: 90 | D145: 125
B146: A3 | C146: 95 | D146: 135
B147: Aa1 | C147: 60 | D147: 75
B148: Aa2 | C148: 65 | D148: 85
B149: Aa3 | C149: 70 | D149: 90
B150: Aaa | C150: 0 | D150: 0
B151: B1 | C151: 450 | D151: 600
B152: B2 | C152: 550 | D152: 750
B153: B3 | C153: 650 | D153: 850
B154: Ba1 | C154: 250 | D154: 325
B155: Ba2 | C155: 300 | D155: 400
B156: Ba3 | C156: 400 | D156: 525
... B161: Caa | C161: 750 | D161: 900

Sheet ERP2003
A1: Estimating Country Risk Premiums
A2: To estimate the long term country risk premium, I start with the country rating (from Moody's: www.moodys.com) and estimate the default spread for
A3: that rating (US corporates and country bonds) over the treasury bond rate. This becomes a measure of the added country risk premium for that country.
A4: I add this default spread to the historical risk premium for a mature equity market (estimated from US historical data) to estimate the total risk premium.
A5: In the short term especially, the equity country risk premium is likely to be greater than the country's default spread. You can estimate an adjusted country risk
A6: premium by multiplying the default spread by the relative equity market volatility for that market (Std dev in country equity market/Std dev in country bond)
A7: In this spreadsheet, I have used the global average of equity to bond market volatility of 1.5 to estimate the country equity risk premium.
A9: Enter the current risk premium for a mature equity market | E9: 0.0482 | F9: ! I use the risk premium for the United States for this estimate
A10: Do you want to use current US corporate spreads(C) or country bond spreads (H) | E10: H | F10: The historical spreads represent an average over 5 years
A11: The US corporate spreads come from a deeper market, but the country bond spreads may be a more direct measure of country risk. To update the spreads
A12: go to the bottom of the spreadsheet.
A13: Do you want to adjust the country risk premium for the additional volatility of the equity market? | F13: Yes | G13: ! Yes or No
A14: If no, use the country risk premium from the columns below
A15: If yes, you can adjust the country risk premium for the relative volatility of the equity market below:
A16: Enter the country risk premium from default spread = | E16: 0.055
A17: Enter the standard deviation in the equity market in the country = | E17: 0.61 | F17: ! Use annualized historical volatility
A18: Enter the standard deviation in the long term bond issued by the country = | E18: 0.35 | F18: ! Use annualized historical volatility
A19: The adjusted country risk premium for your country is = | E19: =E16*(E17/E18) -> 0.095857143
E20: =E17/E18 -> 1.7428571
A21: Country | B21: Long-Term Rating | C21: Adj. Default Spread | D21: Total Risk Premium | E21: Country Risk Premium | F21: Has to be sorted in ascending order
A22: =[2]Sheet2!A2 -> Alderney | B22: =[2]Sheet2!C2 -> Aaa | C22: =VLOOKUP(B22,$F$23:$G$40,2) -> 0 | D22: =$E$9+(C22/10000)*1.5 -> 0.0482 | E22: =D22-$E$9 -> 0 | F22: Rating | G22: Default spread in basis points
A23: =[2]Sheet2!A3 -> Andorra | B23: =[2]Sheet2!C3 -> Aaa | C23: =VLOOKUP(B23,$F$23:$G$40,2) -> 0 | D23: =$E$9+(C23/10000)*1.5 -> 0.0482 | E23: =D23-$E$9 -> 0 | F23: A1 | G23: =IF($E$10="C",C144,D144) -> 100
A24: =[2]Sheet2!A4 -> Argentina | B24: =[2]Sheet2!C4 -> B3 | C24: =VLOOKUP(B24,$F$23:$G$40,2) -> 850 | D24: =$E$9+(C24/10000)*1.5 -> 0.1757 | E24: =D24-$E$9 -> 0.1275 | F24: A2 | G24: =IF($E$10="C",C145,D145) -> 125
A25: =[2]Sheet2!A5 -> Australia | B25: =[2]Sheet2!C5 -> Aaa | C25: =VLOOKUP(B25,$F$23:$G$40,2) -> 0 | D25: =$E$9+(C25/10000)*1.5 -> 0.0482 | E25: =D25-$E$9 -> 0 | F25: A3 | G25: =IF($E$10="C",C146,D146) -> 135
A26: =[2]Sheet2!A6 -> Austria | B26: =[2]Sheet2!C6 -> Aaa | C26: =VLOOKUP(B26,$F$23:$G$40,2) -> 0 | D26: =$E$9+(C26/10000)*1.5 -> 0.0482 | E26: =D26-$E$9 -> 0 | F26: Aa1 | G26: =IF($E$10="C",C147,D147) -> 75
A27: =[2]Sheet2!A7 -> Bahamas | B27: =[2]Sheet2!C7 -> A1 | C27: =VLOOKUP(B27,$F$23:$G$40,2) -> 100 | D27: =$E$9+(C27/10000)*1.5 -> 0.0632 | E27: =D27-$E$9 -> 0.015 | F27: Aa2 | G27: =IF($E$10="C",C148,D148) -> 85
A28: =[2]Sheet2!A8 -> Bahrain | B28: =[2]Sheet2!C8 -> Baa1 | C28: =VLOOKUP(B28,$F$23:$G$40,2) -> 150 | D28: =$E$9+(C28/10000)*1.5 -> 0.0707 | E28: =D28-$E$9 -> 0.0225 | F28: Aa3 | G28: =IF($E$10="C",C149,D149) -> 90
A29: =[2]Sheet2!A9 -> Barbados | B29: =[2]Sheet2!C9 -> A3 | C29: =VLOOKUP(B29,$F$23:$G$40,2) -> 135 | D29: =$E$9+(C29/10000)*1.5 -> 0.06845 | E29: =D29-$E$9 -> 0.02025 | F29: Aaa | G29: =IF($E$10="C",C150,D150) -> 0
A30: =[2]Sheet2!A10 -> Belgium | B30: =[2]Sheet2!C10 -> Aa1 | C30: =VLOOKUP(B30,$F$23:$G$40,2) -> 75 | D30: =$E$9+(C30/10000)*1.5 -> 0.05945 | E30: =D30-$E$9 -> 0.01125 | F30: B1 | G30: =IF($E$10="C",C151,D151) -> 600
A31: =[2]Sheet2!A11 -> Belize | B31: =[2]Sheet2!C11 -> Ba2 | C31: =VLOOKUP(B31,$F$23:$G$40,2) -> 400 | D31: =$E$9+(C31/10000)*1.5 -> 0.1082 | E31: =D31-$E$9 -> 0.06 | F31: B2 | G31: =IF($E$10="C",C152,D152) -> 750
A32: =[2]Sheet2!A12 -> Bermuda | B32: =[2]Sheet2!C12 -> Aaa | C32: =VLOOKUP(B32,$F$23:$G$40,2) -> 0 | D32: =$E$9+(C32/10000)*1.5 -> 0.0482 | E32: =D32-$E$9 -> 0 | F32: B3 | G32: =IF($E$10="C",C153,D153) -> 850
A33: =[2]Sheet2!A13 -> Bolivia | B33: =[2]Sheet2!C13 -> B3 | C33: =VLOOKUP(B33,$F$23:$G$40,2) -> 850 | D33: =$E$9+(C33/10000)*1.5 -> 0.1757 | E33: =D33-$E$9 -> 0.1275 | F33: Ba1 | G33: =IF($E$10="C",C154,D154) -> 325
A34: =[2]Sheet2!A14 -> Botswana | B34: =[2]Sheet2!C14 -> A1 | C34: =VLOOKUP(B34,$F$23:$G$40,2) -> 100 | D34: =$E$9+(C34/10000)*1.5 -> 0.0632 | E34: =D34-$E$9 -> 0.015 | F34: Ba2 | G34: =IF($E$10="C",C155,D155) -> 400
... A40: =[2]Sheet2!A20 -> China | B40: =[2]Sheet2!C20 -> A2 | C40: =VLOOKUP(B40,$F$23:$G$40,2) -> 125 | D40: =$E$9+(C40/10000)*1.5 -> 0.06695 | E40: =D40-$E$9 -> 0.01875 | F40: Caa | G40: =IF($E$10="C",C161,D161) -> 900
A41: =[2]Sheet2!A21 -> Colombia | B41: =[2]Sheet2!C21 -> Baa2 | C41: =VLOOKUP(B41,$F$23:$G$40,2) -> 175 | D41: =$E$9+(C41/10000)*1.5 -> 0.07445 | E41: =D41-$E$9 -> 0.02625 | F41: Source: www.bondsonline.com
A42: =[2]Sheet2!A22 -> Costa Rica | B42: =[2]Sheet2!C22 -> Ba1 | C42: =VLOOKUP(B42,$F$23:$G$40,2) -> 325 | D42: =$E$9+(C42/10000)*1.5 -> 0.09695 | E42: =D42-$E$9 -> 0.04875
A43: =[2]Sheet2!A23 -> Croatia | B43: =[2]Sheet2!C23 -> Baa1 | C43: =VLOOKUP(B43,$F$23:$G$40,2) -> 150 | D43: =$E$9+(C43/10000)*1.5 -> 0.0707 | E43: =D43-$E$9 -> 0.0225
A44: =[2]Sheet2!A24 -> Cuba | B44: =[2]Sheet2!C24 -> NR | C44: =VLOOKUP(B44,$F$23:$G$40,2) -> 900 | D44: =$E$9+(C44/10000)*1.5 -> 0.1832 | E44: =D44-$E$9 -> 0.135
A45: =[2]Sheet2!A25 -> Cyprus | B45: =[2]Sheet2!C25 -> A2 | C45: =VLOOKUP(B45,$F$23:$G$40,2) -> 125 | D45: =$E$9+(C45/10000)*1.5 -> 0.06695 | E45: =D45-$E$9 -> 0.01875
A46: =[2]Sheet2!A26 -> Czech Republic | B46: =[2]Sheet2!C26 -> A1 | C46: =VLOOKUP(B46,$F$23:$G$40,2) -> 100 | D46: =$E$9+(C46/10000)*1.5 -> 0.0632 | E46: =D46-$E$9 -> 0.015
A47: =[2]Sheet2!A27 -> Denmark | B47: =[2]Sheet2!C27 -> Aaa | C47: =VLOOKUP(B47,$F$23:$G$40,2) -> 0 | D47: =$E$9+(C47/10000)*1.5 -> 0.0482 | E47: =D47-$E$9 -> 0
A48: =[2]Sheet2!A28 -> Dominican Republic | B48: =[2]Sheet2!C28 -> B2 | C48: =VLOOKUP(B48,$F$23:$G$40,2) -> 750 | D48: =$E$9+(C48/10000)*1.5 -> 0.1607 | E48: =D48-$E$9 -> 0.1125
A49: =[2]Sheet2!A29 -> Ecuador | B49: =[2]Sheet2!C29 -> Caa1 | C49: =VLOOKUP(B49,$F$23:$G$40,2) -> 900 | D49: =$E$9+(C49/10000)*1.5 -> 0.1832 | E49: =D49-$E$9 -> 0.135
A50: =[2]Sheet2!A30 -> Egypt | B50: =[2]Sheet2!C30 -> Baa1 | C50: =VLOOKUP(B50,$F$23:$G$40,2) -> 150 | D50: =$E$9+(C50/10000)*1.5 -> 0.0707 | E50: =D50-$E$9 -> 0.0225
A51: =[2]Sheet2!A31 -> El Saklvador | B51: =[2]Sheet2!C31 -> Baa2 | C51: =VLOOKUP(B51,$F$23:$G$40,2) -> 175 | D51: =$E$9+(C51/10000)*1.5 -> 0.07445 | E51: =D51-$E$9 -> 0.02625
A52: =[2]Sheet2!A32 -> Estonia | B52: =[2]Sheet2!C32 -> A1 | C52: =VLOOKUP(B52,$F$23:$G$40,2) -> 100 | D52: =$E$9+(C52/10000)*1.5 -> 0.0632 | E52: =D52-$E$9 -> 0.015
A53: =[2]Sheet2!A33 -> Eurozone | B53: =[2]Sheet2!C33 -> Aaa | C53: =VLOOKUP(B53,$F$23:$G$40,2) -> 0 | D53: =$E$9+(C53/10000)*1.5 -> 0.0482 | E53: =D53-$E$9 -> 0
... A133: =[2]Sheet2!A113 -> Vietnam | B133: =[2]Sheet2!C113 -> B1 | C133: =VLOOKUP(B133,$F$23:$G$40,2) -> 600 | D133: =$E$9+(C133/10000)*1.5 -> 0.1382 | E133: =D133-$E$9 -> 0.09
B143: Rating | C143: Corporate (C) | D143: Country Bond (H) | E143: Corporate spreads: http://www.bondsonline.com
B144: A1 | C144: 80 | D144: 100 | E144: Country Bond: http://www.bradynet.com
B145: A2 | C145: 90 | D145: 125
B146: A3 | C146: 95 | D146: 135
B147: Aa1 | C147: 60 | D147: 75
B148: Aa2 | C148: 65 | D148: 85
B149: Aa3 | C149: 70 | D149: 90
B150: Aaa | C150: 0 | D150: 0
B151: B1 | C151: 450 | D151: 600
B152: B2 | C152: 550 | D152: 750
B153: B3 | C153: 650 | D153: 850
B154: Ba1 | C154: 250 | D154: 325
B155: Ba2 | C155: 300 | D155: 400
B156: Ba3 | C156: 400 | D156: 525
... B161: Caa | C161: 750 | D161: 900

Sheet ERP2004
A1: Estimating Country Risk Premiums
A2: To estimate the long term country risk premium, I start with the country rating (from Moody's: www.moodys.com) and estimate the default spread for
A3: that rating (US corporates and country bonds) over the treasury bond rate. This becomes a measure of the added country risk premium for that country.
A4: I add this default spread to the historical risk premium for a mature equity market (estimated from US historical data) to estimate the total risk premium.
A5: In the short term especially, the equity country risk premium is likely to be greater than the country's default spread. You can estimate an adjusted country risk
A6: premium by multiplying the default spread by the relative equity market volatility for that market (Std dev in country equity market/Std dev in country bond)
A7: In this spreadsheet, I have used the global average of equity to bond market volatility of 1.5 to estimate the country equity risk premium.
A9: Enter the current risk premium for a mature equity market | E9: 0.0484 | F9: ! I use the risk premium for the United States for this estimate
A10: Do you want to use current US corporate spreads(C) or country bond spreads (H) | E10: H | F10: The historical spreads represent an average over 5 years
A11: The US corporate spreads come from a deeper market, but the country bond spreads may be a more direct measure of country risk. To update the spreads
A12: go to the bottom of the spreadsheet.
A13: Do you want to adjust the country risk premium for the additional volatility of the equity market? | F13: Yes | G13: ! Yes or No
A14: If no, use the country risk premium from the columns below
A15: If yes, you can adjust the country risk premium for the relative volatility of the equity market below:
A16: Enter the country risk premium from default spread = | E16: 0.055
A17: Enter the standard deviation in the equity market in the country = | E17: 0.61 | F17: ! Use annualized historical volatility
A18: Enter the standard deviation in the long term bond issued by the country = | E18: 0.35 | F18: ! Use annualized historical volatility
A19: The adjusted country risk premium for your country is = | E19: =E16*(E17/E18) -> 0.095857143
E20: =E17/E18 -> 1.7428571
A21: Country | B21: Long-Term Rating | C21: Adj. Default Spread | D21: Total Risk Premium | E21: Country Risk Premium | F21: Has to be sorted in ascending order
A22: =[3]Sheet2!A2 -> Alderney | B22: =[3]Sheet2!C2 -> Aaa | C22: =VLOOKUP(B22,$F$23:$G$40,2) -> 0 | D22: =$E$9+(C22/10000)*1.5 -> 0.0484 | E22: =D22-$E$9 -> 0 | F22: Rating | G22: Default spread in basis points
A23: =[3]Sheet2!A3 -> Andorra | B23: =[3]Sheet2!C3 -> Aaa | C23: =VLOOKUP(B23,$F$23:$G$40,2) -> 0 | D23: =$E$9+(C23/10000)*1.5 -> 0.0484 | E23: =D23-$E$9 -> 0 | F23: A1 | G23: =IF($E$10="C",C144,D144) -> 100
A24: =[3]Sheet2!A4 -> Argentina | B24: =[3]Sheet2!C4 -> B3 | C24: =VLOOKUP(B24,$F$23:$G$40,2) -> 850 | D24: =$E$9+(C24/10000)*1.5 -> 0.1759 | E24: =D24-$E$9 -> 0.1275 | F24: A2 | G24: =IF($E$10="C",C145,D145) -> 125
A25: =[3]Sheet2!A5 -> Australia | B25: =[3]Sheet2!C5 -> Aaa | C25: =VLOOKUP(B25,$F$23:$G$40,2) -> 0 | D25: =$E$9+(C25/10000)*1.5 -> 0.0484 | E25: =D25-$E$9 -> 0 | F25: A3 | G25: =IF($E$10="C",C146,D146) -> 135
A26: =[3]Sheet2!A6 -> Austria | B26: =[3]Sheet2!C6 -> Aaa | C26: =VLOOKUP(B26,$F$23:$G$40,2) -> 0 | D26: =$E$9+(C26/10000)*1.5 -> 0.0484 | E26: =D26-$E$9 -> 0 | F26: Aa1 | G26: =IF($E$10="C",C147,D147) -> 75
A27: =[3]Sheet2!A7 -> Bahamas | B27: =[3]Sheet2!C7 -> A1 | C27: =VLOOKUP(B27,$F$23:$G$40,2) -> 100 | D27: =$E$9+(C27/10000)*1.5 -> 0.0634 | E27: =D27-$E$9 -> 0.015 | F27: Aa2 | G27: =IF($E$10="C",C148,D148) -> 85
A28: =[3]Sheet2!A8 -> Bahamas-Off Shore Banking Center | B28: =[3]Sheet2!C8 -> Aaa | C28: =VLOOKUP(B28,$F$23:$G$40,2) -> 0 | D28: =$E$9+(C28/10000)*1.5 -> 0.0484 | E28: =D28-$E$9 -> 0 | F28: Aa3 | G28: =IF($E$10="C",C149,D149) -> 90
A29: =[3]Sheet2!A9 -> Bahrain | B29: =[3]Sheet2!C9 -> Baa1 | C29: =VLOOKUP(B29,$F$23:$G$40,2) -> 150 | D29: =$E$9+(C29/10000)*1.5 -> 0.0709 | E29: =D29-$E$9 -> 0.0225 | F29: Aaa | G29: =IF($E$10="C",C150,D150) -> 0
A30: =[3]Sheet2!A10 -> Bahrain-Off Shore Banking | B30: =[3]Sheet2!C10 -> Aa3 | C30: =VLOOKUP(B30,$F$23:$G$40,2) -> 90 | D30: =$E$9+(C30/10000)*1.5 -> 0.0619 | E30: =D30-$E$9 -> 0.0135 | F30: B1 | G30: =IF($E$10="C",C151,D151) -> 600
A31: =[3]Sheet2!A11 -> Barbados | B31: =[3]Sheet2!C11 -> A3 | C31: =VLOOKUP(B31,$F$23:$G$40,2) -> 135 | D31: =$E$9+(C31/10000)*1.5 -> 0.06865 | E31: =D31-$E$9 -> 0.02025 | F31: B2 | G31: =IF($E$10="C",C152,D152) -> 750
A32: =[3]Sheet2!A12 -> Belgium | B32: =[3]Sheet2!C12 -> Aa1 | C32: =VLOOKUP(B32,$F$23:$G$40,2) -> 75 | D32: =$E$9+(C32/10000)*1.5 -> 0.05965 | E32: =D32-$E$9 -> 0.01125 | F32: B3 | G32: =IF($E$10="C",C153,D153) -> 850
A33: =[3]Sheet2!A13 -> Belize | B33: =[3]Sheet2!C13 -> B1 | C33: =VLOOKUP(B33,$F$23:$G$40,2) -> 600 | D33: =$E$9+(C33/10000)*1.5 -> 0.1384 | E33: =D33-$E$9 -> 0.09 | F33: Ba1 | G33: =IF($E$10="C",C154,D154) -> 325
A34: =[3]Sheet2!A14 -> Bermuda | B34: =[3]Sheet2!C14 -> Aaa | C34: =VLOOKUP(B34,$F$23:$G$40,2) -> 0 | D34: =$E$9+(C34/10000)*1.5 -> 0.0484 | E34: =D34-$E$9 -> 0 | F34: Ba2 | G34: =IF($E$10="C",C155,D155) -> 400
... A40: =[3]Sheet2!A20 -> Canada | B40: =[3]Sheet2!C20 -> Aaa | C40: =VLOOKUP(B40,$F$23:$G$40,2) -> 0 | D40: =$E$9+(C40/10000)*1.5 -> 0.0484 | E40: =D40-$E$9 -> 0 | F40: Caa | G40: =IF($E$10="C",C161,D161) -> 900
A41: =[3]Sheet2!A21 -> Cayman Islands | B41: =[3]Sheet2!C21 -> Aa3 | C41: =VLOOKUP(B41,$F$23:$G$40,2) -> 90 | D41: =$E$9+(C41/10000)*1.5 -> 0.0619 | E41: =D41-$E$9 -> 0.0135 | F41: Source: www.bondsonline.com
A42: =[3]Sheet2!A22 -> Cayman Islands Off Shore Banking | B42: =[3]Sheet2!C22 -> Aaa | C42: =VLOOKUP(B42,$F$23:$G$40,2) -> 0 | D42: =$E$9+(C42/10000)*1.5 -> 0.0484 | E42: =D42-$E$9 -> 0
A43: =[3]Sheet2!A23 -> Chile | B43: =[3]Sheet2!C23 -> A1 | C43: =VLOOKUP(B43,$F$23:$G$40,2) -> 100 | D43: =$E$9+(C43/10000)*1.5 -> 0.0634 | E43: =D43-$E$9 -> 0.015
A44: =[3]Sheet2!A24 -> China | B44: =[3]Sheet2!C24 -> A2 | C44: =VLOOKUP(B44,$F$23:$G$40,2) -> 125 | D44: =$E$9+(C44/10000)*1.5 -> 0.06715 | E44: =D44-$E$9 -> 0.01875
A45: =[3]Sheet2!A25 -> Colombia | B45: =[3]Sheet2!C25 -> Baa2 | C45: =VLOOKUP(B45,$F$23:$G$40,2) -> 175 | D45: =$E$9+(C45/10000)*1.5 -> 0.07465 | E45: =D45-$E$9 -> 0.02625
A46: =[3]Sheet2!A26 -> Costa | B46: =[3]Sheet2!C26 -> Ba1 | C46: =VLOOKUP(B46,$F$23:$G$40,2) -> 325 | D46: =$E$9+(C46/10000)*1.5 -> 0.09715 | E46: =D46-$E$9 -> 0.04875
A47: =[3]Sheet2!A27 -> Croatia | B47: =[3]Sheet2!C27 -> Baa1 | C47: =VLOOKUP(B47,$F$23:$G$40,2) -> 150 | D47: =$E$9+(C47/10000)*1.5 -> 0.0709 | E47: =D47-$E$9 -> 0.0225
A48: =[3]Sheet2!A28 -> Cuba | B48: =[3]Sheet2!C28 -> Caa2 | C48: =VLOOKUP(B48,$F$23:$G$40,2) -> 900 | D48: =$E$9+(C48/10000)*1.5 -> 0.1834 | E48: =D48-$E$9 -> 0.135
A49: =[3]Sheet2!A29 -> Cyprus | B49: =[3]Sheet2!C29 -> A2 | C49: =VLOOKUP(B49,$F$23:$G$40,2) -> 125 | D49: =$E$9+(C49/10000)*1.5 -> 0.06715 | E49: =D49-$E$9 -> 0.01875
A50: =[3]Sheet2!A30 -> Czech Republic | B50: =[3]Sheet2!C30 -> A1 | C50: =VLOOKUP(B50,$F$23:$G$40,2) -> 100 | D50: =$E$9+(C50/10000)*1.5 -> 0.0634 | E50: =D50-$E$9 -> 0.015
A51: =[3]Sheet2!A31 -> Denmark | B51: =[3]Sheet2!C31 -> Aaa | C51: =VLOOKUP(B51,$F$23:$G$40,2) -> 0 | D51: =$E$9+(C51/10000)*1.5 -> 0.0484 | E51: =D51-$E$9 -> 0
A52: =[3]Sheet2!A32 -> Dominican Republic | B52: =[3]Sheet2!C32 -> B3 | C52: =VLOOKUP(B52,$F$23:$G$40,2) -> 850 | D52: =$E$9+(C52/10000)*1.5 -> 0.1759 | E52: =D52-$E$9 -> 0.1275
A53: =[3]Sheet2!A33 -> Ecuador | B53: =[3]Sheet2!C33 -> B3 | C53: =VLOOKUP(B53,$F$23:$G$40,2) -> 850 | D53: =$E$9+(C53/10000)*1.5 -> 0.1759 | E53: =D53-$E$9 -> 0.1275
... A134: =[3]Sheet2!A114 -> Vietnam | B134: =[3]Sheet2!C114 -> B2 | C134: =VLOOKUP(B134,$F$23:$G$40,2) -> 750 | D134: =$E$9+(C134/10000)*1.5 -> 0.1609 | E134: =D134-$E$9 -> 0.1125
B143: Rating | C143: Corporate (C) | D143: Country Bond (H) | E143: Corporate spreads: http://www.bondsonline.com
B144: A1 | C144: 80 | D144: 100 | E144: Country Bond: http://www.bradynet.com
B145: A2 | C145: 90 | D145: 125
B146: A3 | C146: 95 | D146: 135
B147: Aa1 | C147: 60 | D147: 75
B148: Aa2 | C148: 65 | D148: 85
B149: Aa3 | C149: 70 | D149: 90
B150: Aaa | C150: 0 | D150: 0
B151: B1 | C151: 450 | D151: 600
B152: B2 | C152: 550 | D152: 750
B153: B3 | C153: 650 | D153: 850
B154: Ba1 | C154: 250 | D154: 325
B155: Ba2 | C155: 300 | D155: 400
B156: Ba3 | C156: 400 | D156: 525
... B161: Caa | C161: 750 | D161: 900

Sheet ERP2005
A1: Estimating Country Risk Premiums
A2: To estimate the long term country risk premium, I start with the country rating (from Moody's: www.moodys.com) and estimate the default spread for
A3: that rating (US corporates and country bonds) over the treasury bond rate. This becomes a measure of the added country risk premium for that country.
A4: I add this default spread to the historical risk premium for a mature equity market (estimated from US historical data) to estimate the total risk premium.
A5: In the short term especially, the equity country risk premium is likely to be greater than the country's default spread. You can estimate an adjusted country risk
A6: premium by multiplying the default spread by the relative equity market volatility for that market (Std dev in country equity market/Std dev in country bond)
A7: In this spreadsheet, I have used the global average of equity to bond market volatility of 1.5 to estimate the country equity risk premium.
A9: Enter the current risk premium for a mature equity market | E9: 0.048 | F9: ! I use the risk premium for the United States for this estimate
A10: Do you want to use current US corporate spreads(C) or country bond spreads (H) | E10: H | F10: The historical spreads represent an average over 5 years
A11: The US corporate spreads come from a deeper market, but the country bond spreads may be a more direct measure of country risk. To update the spreads
A12: go to the bottom of the spreadsheet.
A13: Do you want to adjust the country risk premium for the additional volatility of the equity market? | F13: Yes | G13: ! Yes or No
A14: If no, use the country risk premium from the columns below
A15: If yes, you can adjust the country risk premium for the relative volatility of the equity market below:
A16: Enter the country risk premium from default spread = | E16: 0.055
A17: Enter the standard deviation in the equity market in the country = | E17: 0.61 | F17: ! Use annualized historical volatility
A18: Enter the standard deviation in the long term bond issued by the country = | E18: 0.35 | F18: ! Use annualized historical volatility
A19: The adjusted country risk premium for your country is = | E19: =E16*(E17/E18) -> 0.095857143
E20: =E17/E18 -> 1.7428571
A21: Country | B21: Long-Term Rating | C21: Adj. Default Spread | D21: Total Risk Premium | E21: Country Risk Premium | F21: Has to be sorted in ascending order
A22: =[4]Sheet2!A2 -> Argentina | B22: =[4]Sheet2!C2 -> B3 | C22: =VLOOKUP(B22,$F$23:$G$40,2) -> 600 | D22: =$E$9+(C22/10000)*1.5 -> 0.138 | E22: =D22-$E$9 -> 0.09 | F22: Rating | G22: Default spread in basis points
A23: =[4]Sheet2!A3 -> Australia | B23: =[4]Sheet2!C3 -> Aaa | C23: =VLOOKUP(B23,$F$23:$G$40,2) -> 0 | D23: =$E$9+(C23/10000)*1.5 -> 0.048 | E23: =D23-$E$9 -> 0 | F23: A1 | G23: 60
A24: =[4]Sheet2!A4 -> Austria | B24: =[4]Sheet2!C4 -> Aaa | C24: =VLOOKUP(B24,$F$23:$G$40,2) -> 0 | D24: =$E$9+(C24/10000)*1.5 -> 0.048 | E24: =D24-$E$9 -> 0 | F24: A2 | G24: 80
A25: =[4]Sheet2!A5 -> Bahamas | B25: =[4]Sheet2!C5 -> A1 | C25: =VLOOKUP(B25,$F$23:$G$40,2) -> 60 | D25: =$E$9+(C25/10000)*1.5 -> 0.057 | E25: =D25-$E$9 -> 0.009 | F25: A3 | G25: 90
A26: =[4]Sheet2!A6 -> Bahrain | B26: =[4]Sheet2!C6 -> Baa1 | C26: =VLOOKUP(B26,$F$23:$G$40,2) -> 110 | D26: =$E$9+(C26/10000)*1.5 -> 0.0645 | E26: =D26-$E$9 -> 0.0165 | F26: Aa1 | G26: 50
A27: =[4]Sheet2!A7 -> Barbados | B27: =[4]Sheet2!C7 -> A3 | C27: =VLOOKUP(B27,$F$23:$G$40,2) -> 90 | D27: =$E$9+(C27/10000)*1.5 -> 0.0615 | E27: =D27-$E$9 -> 0.0135 | F27: Aa2 | G27: 55
A28: =[4]Sheet2!A8 -> Belgium | B28: =[4]Sheet2!C8 -> Aa1 | C28: =VLOOKUP(B28,$F$23:$G$40,2) -> 50 | D28: =$E$9+(C28/10000)*1.5 -> 0.0555 | E28: =D28-$E$9 -> 0.0075 | F28: Aa3 | G28: 60
A29: =[4]Sheet2!A9 -> Belize | B29: =[4]Sheet2!C9 -> Caa3 | C29: =VLOOKUP(B29,$F$23:$G$40,2) -> 700 | D29: =$E$9+(C29/10000)*1.5 -> 0.153 | E29: =D29-$E$9 -> 0.105 | F29: Aaa | G29: =IF($E$10="C",C141,D141) -> 0
A30: =[4]Sheet2!A10 -> Bermuda | B30: =[4]Sheet2!C10 -> Aaa | C30: =VLOOKUP(B30,$F$23:$G$40,2) -> 0 | D30: =$E$9+(C30/10000)*1.5 -> 0.048 | E30: =D30-$E$9 -> 0 | F30: B1 | G30: 400
A31: =[4]Sheet2!A11 -> Bolivia | B31: =[4]Sheet2!C11 -> B3 | C31: =VLOOKUP(B31,$F$23:$G$40,2) -> 600 | D31: =$E$9+(C31/10000)*1.5 -> 0.138 | E31: =D31-$E$9 -> 0.09 | F31: B2 | G31: 500
A32: =[4]Sheet2!A12 -> Bosnia and Herzegovina | B32: =[4]Sheet2!C12 -> B3 | C32: =VLOOKUP(B32,$F$23:$G$40,2) -> 600 | D32: =$E$9+(C32/10000)*1.5 -> 0.138 | E32: =D32-$E$9 -> 0.09 | F32: B3 | G32: 600
A33: =[4]Sheet2!A13 -> Botswana | B33: =[4]Sheet2!C13 -> A1 | C33: =VLOOKUP(B33,$F$23:$G$40,2) -> 60 | D33: =$E$9+(C33/10000)*1.5 -> 0.057 | E33: =D33-$E$9 -> 0.009 | F33: Ba1 | G33: 225
A34: =[4]Sheet2!A14 -> Brazil | B34: =[4]Sheet2!C14 -> Ba3 | C34: =VLOOKUP(B34,$F$23:$G$40,2) -> 360 | D34: =$E$9+(C34/10000)*1.5 -> 0.102 | E34: =D34-$E$9 -> 0.054 | F34: Ba2 | G34: 270
A35: =[4]Sheet2!A15 -> Bulgaria | B35: =[4]Sheet2!C15 -> Ba1 | C35: =VLOOKUP(B35,$F$23:$G$40,2) -> 225 | D35: =$E$9+(C35/10000)*1.5 -> 0.08175 | E35: =D35-$E$9 -> 0.03375 | F35: Ba3 | G35: 360
A36: =[4]Sheet2!A16 -> Canada | B36: =[4]Sheet2!C16 -> Aaa | C36: =VLOOKUP(B36,$F$23:$G$40,2) -> 0 | D36: =$E$9+(C36/10000)*1.5 -> 0.048 | E36: =D36-$E$9 -> 0 | F36: Baa1 | G36: 110
A37: =[4]Sheet2!A17 -> Cayman islands | B37: =[4]Sheet2!C17 -> Aa3 | C37: =VLOOKUP(B37,$F$23:$G$40,2) -> 60 | D37: =$E$9+(C37/10000)*1.5 -> 0.057 | E37: =D37-$E$9 -> 0.009 | F37: Baa2 | G37: 120
A38: =[4]Sheet2!A18 -> Chile | B38: =[4]Sheet2!C18 -> A1 | C38: =VLOOKUP(B38,$F$23:$G$40,2) -> 60 | D38: =$E$9+(C38/10000)*1.5 -> 0.057 | E38: =D38-$E$9 -> 0.009 | F38: Baa3 | G38: 135
A39: =[4]Sheet2!A19 -> China | B39: =[4]Sheet2!C19 -> A2 | C39: =VLOOKUP(B39,$F$23:$G$40,2) -> 80 | D39: =$E$9+(C39/10000)*1.5 -> 0.06 | E39: =D39-$E$9 -> 0.012 | F39: Ca | G39: 850
A40: =[4]Sheet2!A20 -> Colombia | B40: =[4]Sheet2!C20 -> Baa2 | C40: =VLOOKUP(B40,$F$23:$G$40,2) -> 120 | D40: =$E$9+(C40/10000)*1.5 -> 0.066 | E40: =D40-$E$9 -> 0.018 | F40: Caa | G40: 700
A41: =[4]Sheet2!A21 -> Costa | B41: =[4]Sheet2!C21 -> Ba1 | C41: =VLOOKUP(B41,$F$23:$G$40,2) -> 225 | D41: =$E$9+(C41/10000)*1.5 -> 0.08175 | E41: =D41-$E$9 -> 0.03375 | F41: Source: www.bondsonline.com
A42: =[4]Sheet2!A22 -> Croatia | B42: =[4]Sheet2!C22 -> Baa1 | C42: =VLOOKUP(B42,$F$23:$G$40,2) -> 110 | D42: =$E$9+(C42/10000)*1.5 -> 0.0645 | E42: =D42-$E$9 -> 0.0165
A43: =[4]Sheet2!A23 -> Cuba | B43: =[4]Sheet2!C23 -> NR | C43: =VLOOKUP(B43,$F$23:$G$40,2) -> 700 | D43: =$E$9+(C43/10000)*1.5 -> 0.153 | E43: =D43-$E$9 -> 0.105
A44: =[4]Sheet2!A24 -> Cyprus | B44: =[4]Sheet2!C24 -> A2 | C44: =VLOOKUP(B44,$F$23:$G$40,2) -> 80 | D44: =$E$9+(C44/10000)*1.5 -> 0.06 | E44: =D44-$E$9 -> 0.012
A45: =[4]Sheet2!A25 -> Czech Republic | B45: =[4]Sheet2!C25 -> A1 | C45: =VLOOKUP(B45,$F$23:$G$40,2) -> 60 | D45: =$E$9+(C45/10000)*1.5 -> 0.057 | E45: =D45-$E$9 -> 0.009
A46: =[4]Sheet2!A26 -> Denmark | B46: =[4]Sheet2!C26 -> Aaa | C46: =VLOOKUP(B46,$F$23:$G$40,2) -> 0 | D46: =$E$9+(C46/10000)*1.5 -> 0.048 | E46: =D46-$E$9 -> 0
A47: =[4]Sheet2!A27 -> Dominican Republic | B47: =[4]Sheet2!C27 -> B3 | C47: =VLOOKUP(B47,$F$23:$G$40,2) -> 600 | D47: =$E$9+(C47/10000)*1.5 -> 0.138 | E47: =D47-$E$9 -> 0.09
A48: =[4]Sheet2!A28 -> Ecuador | B48: =[4]Sheet2!C28 -> B3 | C48: =VLOOKUP(B48,$F$23:$G$40,2) -> 600 | D48: =$E$9+(C48/10000)*1.5 -> 0.138 | E48: =D48-$E$9 -> 0.09
A49: =[4]Sheet2!A29 -> Egypt | B49: =[4]Sheet2!C29 -> Baa3 | C49: =VLOOKUP(B49,$F$23:$G$40,2) -> 135 | D49: =$E$9+(C49/10000)*1.5 -> 0.06825 | E49: =D49-$E$9 -> 0.02025
A50: =[4]Sheet2!A30 -> El Salvador | B50: =[4]Sheet2!C30 -> Baa2 | C50: =VLOOKUP(B50,$F$23:$G$40,2) -> 120 | D50: =$E$9+(C50/10000)*1.5 -> 0.066 | E50: =D50-$E$9 -> 0.018
A51: =[4]Sheet2!A31 -> Estonia | B51: =[4]Sheet2!C31 -> A1 | C51: =VLOOKUP(B51,$F$23:$G$40,2) -> 60 | D51: =$E$9+(C51/10000)*1.5 -> 0.057 | E51: =D51-$E$9 -> 0.009
A52: =[4]Sheet2!A32 -> Fiji Islands | B52: =[4]Sheet2!C32 -> Ba2 | C52: =VLOOKUP(B52,$F$23:$G$40,2) -> 270 | D52: =$E$9+(C52/10000)*1.5 -> 0.0885 | E52: =D52-$E$9 -> 0.0405
A53: =[4]Sheet2!A33 -> Finland | B53: =[4]Sheet2!C33 -> Aaa | C53: =VLOOKUP(B53,$F$23:$G$40,2) -> 0 | D53: =$E$9+(C53/10000)*1.5 -> 0.048 | E53: =D53-$E$9 -> 0
... A125: =[4]Sheet2!A105 -> Vietnam | B125: =[4]Sheet2!C105 -> Ba3 | C125: =VLOOKUP(B125,$F$23:$G$40,2) -> 360 | D125: =$E$9+(C125/10000)*1.5 -> 0.102 | E125: =D125-$E$9 -> 0.054
B134: Rating | C134: Corporate (C) | D134: Country Bond (H) | E134: Corporate spreads: http://www.bondsonline.com
B135: A1 | C135: 80 | D135: 100 | E135: Country Bond: http://www.bradynet.com
B136: A2 | C136: 90 | D136: 125
B137: A3 | C137: 95 | D137: 135
B138: Aa1 | C138: 60 | D138: 75
B139: Aa2 | C139: 65 | D139: 85
B140: Aa3 | C140: 70 | D140: 90
B141: Aaa | C141: 0 | D141: 0
B142: B1 | C142: 450 | D142: 600
B143: B2 | C143: 550 | D143: 750
B144: B3 | C144: 650 | D144: 850
B145: Ba1 | C145: 250 | D145: 325
B146: Ba2 | C146: 300 | D146: 400
B147: Ba3 | C147: 400 | D147: 525
... B152: Caa | C152: 750 | D152: 900

Sheet ERP2006
A1: Estimating Country Risk Premiums
A2: To estimate the long term country risk premium, I start with the country rating (from Moody's: www.moodys.com) and estimate the default spread for
A3: that rating (US corporates and country bonds) over the treasury bond rate. This becomes a measure of the added country risk premium for that country.
A4: I add this default spread to the historical risk premium for a mature equity market (estimated from US historical data) to estimate the total risk premium.
A5: In the short term especially, the equity country risk premium is likely to be greater than the country's default spread. You can estimate an adjusted country risk
A6: premium by multiplying the default spread by the relative equity market volatility for that market (Std dev in country equity market/Std dev in country bond)
A7: In this spreadsheet, I have used the global average of equity to bond market volatility of 1.5 to estimate the country equity risk premium.
A9: Enter the current risk premium for a mature equity market | E9: 0.0491 | F9: ! I use the risk premium for the United States for this estimate
F10: The historical spreads represent an average over 5 years
A11: The US corporate spreads come from a deeper market, but the country bond spreads may be a more direct measure of country risk. To update the spreads
A12: go to the bottom of the spreadsheet.
A13: Do you want to adjust the country risk premium for the additional volatility of the equity market? | F13: Yes | G13: ! Yes or No
A14: If no, use the country risk premium from the columns below
A15: If yes, you can adjust the country risk premium for the relative volatility of the equity market below:
A16: Enter the country risk premium from default spread = | E16: 0.055
A17: Enter the standard deviation in the equity market in the country = | E17: 0.61 | F17: ! Use annualized historical volatility
A18: Enter the standard deviation in the long term bond issued by the country = | E18: 0.35 | F18: ! Use annualized historical volatility
A19: The adjusted country risk premium for your country is = | E19: =E16*(E17/E18) -> 0.095857143
E20: =E17/E18 -> 1.7428571
A21: Country | B21: Long-Term Rating | C21: Adj. Default Spread | D21: Total Risk Premium | E21: Country Risk Premium | F21: Has to be sorted in ascending order
A22: =[5]Sheet2!A2 -> Alderny | B22: =[5]Sheet2!C2 -> Aaa | C22: =VLOOKUP(B22,$F$23:$G$41,2) -> 0 | D22: =$E$9+(C22/10000)*1.5 -> 0.0491 | E22: =D22-$E$9 -> 0 | F22: Rating | G22: Default spread in basis points
A23: =[5]Sheet2!A3 -> Andorra | B23: =[5]Sheet2!C3 -> Aaa | C23: =VLOOKUP(B23,$F$23:$G$41,2) -> 0 | D23: =$E$9+(C23/10000)*1.5 -> 0.0491 | E23: =D23-$E$9 -> 0 | F23: A1 | G23: 70
A24: =[5]Sheet2!A4 -> Argentina | B24: =[5]Sheet2!C4 -> B3 | C24: =VLOOKUP(B24,$F$23:$G$41,2) -> 450 | D24: =$E$9+(C24/10000)*1.5 -> 0.1166 | E24: =D24-$E$9 -> 0.0675 | F24: A2 | G24: 80
A25: =[5]Sheet2!A5 -> Armenia | B25: =[5]Sheet2!C5 -> Ba2 | C25: =VLOOKUP(B25,$F$23:$G$41,2) -> 250 | D25: =$E$9+(C25/10000)*1.5 -> 0.0866 | E25: =D25-$E$9 -> 0.0375 | F25: A3 | G25: 85
A26: =[5]Sheet2!A6 -> Australia | B26: =[5]Sheet2!C6 -> Aaa | C26: =VLOOKUP(B26,$F$23:$G$41,2) -> 0 | D26: =$E$9+(C26/10000)*1.5 -> 0.0491 | E26: =D26-$E$9 -> 0 | F26: Aa1 | G26: 35
A27: =[5]Sheet2!A7 -> Austria | B27: =[5]Sheet2!C7 -> Aaa | C27: =VLOOKUP(B27,$F$23:$G$41,2) -> 0 | D27: =$E$9+(C27/10000)*1.5 -> 0.0491 | E27: =D27-$E$9 -> 0 | F27: Aa2 | G27: 50
A28: =[5]Sheet2!A8 -> Azerbaijan | B28: =[5]Sheet2!C8 -> Ba1 | C28: =VLOOKUP(B28,$F$23:$G$41,2) -> 200 | D28: =$E$9+(C28/10000)*1.5 -> 0.0791 | E28: =D28-$E$9 -> 0.03 | F28: Aa3 | G28: 60
A29: =[5]Sheet2!A9 -> Bahamas | B29: =[5]Sheet2!C9 -> A1 | C29: =VLOOKUP(B29,$F$23:$G$41,2) -> 70 | D29: =$E$9+(C29/10000)*1.5 -> 0.0596 | E29: =D29-$E$9 -> 0.0105 | F29: Aaa | G29: 0
A30: =[5]Sheet2!A10 -> Bahrain | B30: =[5]Sheet2!C10 -> A3 | C30: =VLOOKUP(B30,$F$23:$G$41,2) -> 85 | D30: =$E$9+(C30/10000)*1.5 -> 0.06185 | E30: =D30-$E$9 -> 0.01275 | F30: B1 | G30: 350
A31: =[5]Sheet2!A11 -> Barbados | B31: =[5]Sheet2!C11 -> A3 | C31: =VLOOKUP(B31,$F$23:$G$41,2) -> 85 | D31: =$E$9+(C31/10000)*1.5 -> 0.06185 | E31: =D31-$E$9 -> 0.01275 | F31: B2 | G31: 400
A32: =[5]Sheet2!A12 -> Belgium | B32: =[5]Sheet2!C12 -> Aa1 | C32: =VLOOKUP(B32,$F$23:$G$41,2) -> 35 | D32: =$E$9+(C32/10000)*1.5 -> 0.05435 | E32: =D32-$E$9 -> 0.00525 | F32: B3 | G32: 450
A33: =[5]Sheet2!A13 -> Belize | B33: =[5]Sheet2!C13 -> Caa3 | C33: =VLOOKUP(B33,$F$23:$G$41,2) -> 750 | D33: =$E$9+(C33/10000)*1.5 -> 0.1616 | E33: =D33-$E$9 -> 0.1125 | F33: Ba1 | G33: 200
A34: =[5]Sheet2!A14 -> Bermuda | B34: =[5]Sheet2!C14 -> Aaa | C34: =VLOOKUP(B34,$F$23:$G$41,2) -> 0 | D34: =$E$9+(C34/10000)*1.5 -> 0.0491 | E34: =D34-$E$9 -> 0 | F34: Ba2 | G34: 250
... A41: =[5]Sheet2!A21 -> Cayman Islands | B41: =[5]Sheet2!C21 -> Aa3 | C41: =VLOOKUP(B41,$F$23:$G$41,2) -> 60 | D41: =$E$9+(C41/10000)*1.5 -> 0.0581 | E41: =D41-$E$9 -> 0.009 | F41: Caa3 | G41: 750
A42: =[5]Sheet2!A22 -> Chile | B42: =[5]Sheet2!C22 -> A1 | C42: =VLOOKUP(B42,$F$23:$G$41,2) -> 70 | D42: =$E$9+(C42/10000)*1.5 -> 0.0596 | E42: =D42-$E$9 -> 0.0105
A43: =[5]Sheet2!A23 -> China | B43: =[5]Sheet2!C23 -> A2 | C43: =VLOOKUP(B43,$F$23:$G$41,2) -> 80 | D43: =$E$9+(C43/10000)*1.5 -> 0.0611 | E43: =D43-$E$9 -> 0.012
A44: =[5]Sheet2!A24 -> Colombia | B44: =[5]Sheet2!C24 -> Baa3 | C44: =VLOOKUP(B44,$F$23:$G$41,2) -> 135 | D44: =$E$9+(C44/10000)*1.5 -> 0.06935 | E44: =D44-$E$9 -> 0.02025
A45: =[5]Sheet2!A25 -> Costa Rica | B45: =[5]Sheet2!C25 -> Ba1 | C45: =VLOOKUP(B45,$F$23:$G$41,2) -> 200 | D45: =$E$9+(C45/10000)*1.5 -> 0.0791 | E45: =D45-$E$9 -> 0.03
A46: =[5]Sheet2!A26 -> Croatia | B46: =[5]Sheet2!C26 -> Baa1 | C46: =VLOOKUP(B46,$F$23:$G$41,2) -> 100 | D46: =$E$9+(C46/10000)*1.5 -> 0.0641 | E46: =D46-$E$9 -> 0.015
A47: =[5]Sheet2!A27 -> Cuba | B47: =[5]Sheet2!C27 -> Ba3 | C47: =VLOOKUP(B47,$F$23:$G$41,2) -> 300 | D47: =$E$9+(C47/10000)*1.5 -> 0.0941 | E47: =D47-$E$9 -> 0.045
A48: =[5]Sheet2!A28 -> Cyprus | B48: =[5]Sheet2!C28 -> A2 | C48: =VLOOKUP(B48,$F$23:$G$41,2) -> 80 | D48: =$E$9+(C48/10000)*1.5 -> 0.0611 | E48: =D48-$E$9 -> 0.012
A49: =[5]Sheet2!A29 -> Czech Republic | B49: =[5]Sheet2!C29 -> A1 | C49: =VLOOKUP(B49,$F$23:$G$41,2) -> 70 | D49: =$E$9+(C49/10000)*1.5 -> 0.0596 | E49: =D49-$E$9 -> 0.0105
A50: =[5]Sheet2!A30 -> Denmark | B50: =[5]Sheet2!C30 -> Aaa | C50: =VLOOKUP(B50,$F$23:$G$41,2) -> 0 | D50: =$E$9+(C50/10000)*1.5 -> 0.0491 | E50: =D50-$E$9 -> 0
A51: =[5]Sheet2!A31 -> Dominican Republic | B51: =[5]Sheet2!C31 -> B3 | C51: =VLOOKUP(B51,$F$23:$G$41,2) -> 450 | D51: =$E$9+(C51/10000)*1.5 -> 0.1166 | E51: =D51-$E$9 -> 0.0675
A52: =[5]Sheet2!A32 -> Ecuador | B52: =[5]Sheet2!C32 -> B3 | C52: =VLOOKUP(B52,$F$23:$G$41,2) -> 450 | D52: =$E$9+(C52/10000)*1.5 -> 0.1166 | E52: =D52-$E$9 -> 0.0675
A53: =[5]Sheet2!A33 -> Egypt | B53: =[5]Sheet2!C33 -> Baa3 | C53: =VLOOKUP(B53,$F$23:$G$41,2) -> 135 | D53: =$E$9+(C53/10000)*1.5 -> 0.06935 | E53: =D53-$E$9 -> 0.02025
... A128: =[5]Sheet2!A108 -> Vietnam | B128: =[5]Sheet2!C108 -> Ba2 | C128: =VLOOKUP(B128,$F$23:$G$41,2) -> 250 | D128: =$E$9+(C128/10000)*1.5 -> 0.0866 | E128: =D128-$E$9 -> 0.0375
B134: Rating | C134: Current
B135: A1 | C135: 70
B136: A2 | C136: 80
B137: A3 | C137: 85
B138: Aa1 | C138: 35
B139: Aa2 | C139: 50
B140: Aa3 | C140: 60
B141: Aaa | C141: 0
B142: B1 | C142: 350
B143: B2 | C143: 400
B144: B3 | C144: 450
B145: Ba1 | C145: 200
B146: Ba2 | C146: 250
... B153: Caa3 | C153: 750

Sheet ERP2007
A1: Estimating Country Risk Premiums
A2: To estimate the long term country risk premium, I start with the country rating (from Moody's: www.moodys.com) and estimate the default spread for
A3: that rating (US corporates and country bonds) over the treasury bond rate. This becomes a measure of the added country risk premium for that country.
A4: I add this default spread to the historical risk premium for a mature equity market (estimated from US historical data) to estimate the total risk premium.
A5: In the short term especially, the equity country risk premium is likely to be greater than the country's default spread. You can estimate an adjusted country risk
A6: premium by multiplying the default spread by the relative equity market volatility for that market (Std dev in country equity market/Std dev in country bond)
A7: In this spreadsheet, I have used the global average of equity to bond market volatility of 1.5 to estimate the country equity risk premium.
A9: Enter the current risk premium for a mature equity market | E9: 0.0479 | F9: ! I use the risk premium for the United States for this estimate
F10: The historical spreads represent an average over 5 years
A11: The US corporate spreads come from a deeper market, but the country bond spreads may be a more direct measure of country risk. To update the spreads
A12: go to the bottom of the spreadsheet.
A13: Do you want to adjust the country risk premium for the additional volatility of the equity market? | F13: Yes | G13: ! Yes or No
A14: If no, use the country risk premium from the columns below
A15: If yes, you can adjust the country risk premium for the relative volatility of the equity market below:
A16: Enter the country risk premium from default spread = | E16: 0.055
A17: Enter the standard deviation in the equity market in the country = | E17: 0.61 | F17: ! Use annualized historical volatility
A18: Enter the standard deviation in the long term bond issued by the country = | E18: 0.35 | F18: ! Use annualized historical volatility
A19: The adjusted country risk premium for your country is = | E19: =E16*(E17/E18) -> 0.095857143
E20: =E17/E18 -> 1.7428571
A21: Country | B21: Long-Term Rating | C21: Adj. Default Spread | D21: Total Risk Premium | E21: Country Risk Premium | F21: Has to be sorted in ascending order
A22: ='[6]Raw Ratings'!A2 -> Albania | B22: ='[6]Raw Ratings'!C2 -> B1 | C22: =VLOOKUP(B22,$F$23:$G$41,2) -> 350 | D22: =$E$9+(C22/10000)*1.5 -> 0.1004 | E22: =D22-$E$9 -> 0.0525 | F22: Rating | G22: Default spread in basis points
A23: ='[6]Raw Ratings'!A3 -> Alderney (Channel Islands) | B23: ='[6]Raw Ratings'!C3 -> Aaa | C23: =VLOOKUP(B23,$F$23:$G$41,2) -> 0 | D23: =$E$9+(C23/10000)*1.5 -> 0.0479 | E23: =D23-$E$9 -> 0 | F23: A1 | G23: 70
A24: ='[6]Raw Ratings'!A4 -> Andorra | B24: ='[6]Raw Ratings'!C4 -> Aaa | C24: =VLOOKUP(B24,$F$23:$G$41,2) -> 0 | D24: =$E$9+(C24/10000)*1.5 -> 0.0479 | E24: =D24-$E$9 -> 0 | F24: A2 | G24: 80
A25: ='[6]Raw Ratings'!A5 -> Argentina | B25: ='[6]Raw Ratings'!C5 -> B3 | C25: =VLOOKUP(B25,$F$23:$G$41,2) -> 450 | D25: =$E$9+(C25/10000)*1.5 -> 0.1154 | E25: =D25-$E$9 -> 0.0675 | F25: A3 | G25: 85
A26: ='[6]Raw Ratings'!A6 -> Armenia | B26: ='[6]Raw Ratings'!C6 -> Ba2 | C26: =VLOOKUP(B26,$F$23:$G$41,2) -> 250 | D26: =$E$9+(C26/10000)*1.5 -> 0.0854 | E26: =D26-$E$9 -> 0.0375 | F26: Aa1 | G26: 35
A27: ='[6]Raw Ratings'!A7 -> Australia | B27: ='[6]Raw Ratings'!C7 -> Aaa | C27: =VLOOKUP(B27,$F$23:$G$41,2) -> 0 | D27: =$E$9+(C27/10000)*1.5 -> 0.0479 | E27: =D27-$E$9 -> 0 | F27: Aa2 | G27: 50
A28: ='[6]Raw Ratings'!A8 -> Austria | B28: ='[6]Raw Ratings'!C8 -> Aaa | C28: =VLOOKUP(B28,$F$23:$G$41,2) -> 0 | D28: =$E$9+(C28/10000)*1.5 -> 0.0479 | E28: =D28-$E$9 -> 0 | F28: Aa3 | G28: 60
A29: ='[6]Raw Ratings'!A9 -> Azerbaijan | B29: ='[6]Raw Ratings'!C9 -> Ba1 | C29: =VLOOKUP(B29,$F$23:$G$41,2) -> 200 | D29: =$E$9+(C29/10000)*1.5 -> 0.0779 | E29: =D29-$E$9 -> 0.03 | F29: Aaa | G29: 0
A30: ='[6]Raw Ratings'!A10 -> Bahamas | B30: ='[6]Raw Ratings'!C10 -> A1 | C30: =VLOOKUP(B30,$F$23:$G$41,2) -> 70 | D30: =$E$9+(C30/10000)*1.5 -> 0.0584 | E30: =D30-$E$9 -> 0.0105 | F30: B1 | G30: 350
A31: ='[6]Raw Ratings'!A11 -> Bahamas-Offshore | B31: ='[6]Raw Ratings'!C11 -> Aaa | C31: =VLOOKUP(B31,$F$23:$G$41,2) -> 0 | D31: =$E$9+(C31/10000)*1.5 -> 0.0479 | E31: =D31-$E$9 -> 0 | F31: B2 | G31: 400
A32: ='[6]Raw Ratings'!A12 -> Bahrain | B32: ='[6]Raw Ratings'!C12 -> A2 | C32: =VLOOKUP(B32,$F$23:$G$41,2) -> 80 | D32: =$E$9+(C32/10000)*1.5 -> 0.0599 | E32: =D32-$E$9 -> 0.012 | F32: B3 | G32: 450
A33: ='[6]Raw Ratings'!A13 -> Bahrain-Offshore | B33: ='[6]Raw Ratings'!C13 -> Aa3 | C33: =VLOOKUP(B33,$F$23:$G$41,2) -> 60 | D33: =$E$9+(C33/10000)*1.5 -> 0.0569 | E33: =D33-$E$9 -> 0.009 | F33: Ba1 | G33: 200
A34: ='[6]Raw Ratings'!A14 -> Barbados | B34: ='[6]Raw Ratings'!C14 -> A3 | C34: =VLOOKUP(B34,$F$23:$G$41,2) -> 85 | D34: =$E$9+(C34/10000)*1.5 -> 0.06065 | E34: =D34-$E$9 -> 0.01275 | F34: Ba2 | G34: 250
... A41: ='[6]Raw Ratings'!A21 -> Botswana | B41: ='[6]Raw Ratings'!C21 -> A1 | C41: =VLOOKUP(B41,$F$23:$G$41,2) -> 70 | D41: =$E$9+(C41/10000)*1.5 -> 0.0584 | E41: =D41-$E$9 -> 0.0105 | F41: Caa3 | G41: 750
A42: ='[6]Raw Ratings'!A22 -> Brazil | B42: ='[6]Raw Ratings'!C22 -> Ba1 | C42: =VLOOKUP(B42,$F$23:$G$41,2) -> 200 | D42: =$E$9+(C42/10000)*1.5 -> 0.0779 | E42: =D42-$E$9 -> 0.03
A43: ='[6]Raw Ratings'!A23 -> Bulgaria | B43: ='[6]Raw Ratings'!C23 -> Baa3 | C43: =VLOOKUP(B43,$F$23:$G$41,2) -> 135 | D43: =$E$9+(C43/10000)*1.5 -> 0.06815 | E43: =D43-$E$9 -> 0.02025
A44: ='[6]Raw Ratings'!A24 -> Cambodia | B44: ='[6]Raw Ratings'!C24 -> B2 | C44: =VLOOKUP(B44,$F$23:$G$41,2) -> 400 | D44: =$E$9+(C44/10000)*1.5 -> 0.1079 | E44: =D44-$E$9 -> 0.06
A45: ='[6]Raw Ratings'!A25 -> Canada | B45: ='[6]Raw Ratings'!C25 -> Aaa | C45: =VLOOKUP(B45,$F$23:$G$41,2) -> 0 | D45: =$E$9+(C45/10000)*1.5 -> 0.0479 | E45: =D45-$E$9 -> 0
A46: ='[6]Raw Ratings'!A26 -> Cayman Islands | B46: ='[6]Raw Ratings'!C26 -> Aa1 | C46: =VLOOKUP(B46,$F$23:$G$41,2) -> 35 | D46: =$E$9+(C46/10000)*1.5 -> 0.05315 | E46: =D46-$E$9 -> 0.00525
A47: ='[6]Raw Ratings'!A27 -> Cayman Islands | B47: ='[6]Raw Ratings'!C27 -> Aaa | C47: =VLOOKUP(B47,$F$23:$G$41,2) -> 0 | D47: =$E$9+(C47/10000)*1.5 -> 0.0479 | E47: =D47-$E$9 -> 0
A48: ='[6]Raw Ratings'!A28 -> Chile | B48: ='[6]Raw Ratings'!C28 -> A1 | C48: =VLOOKUP(B48,$F$23:$G$41,2) -> 70 | D48: =$E$9+(C48/10000)*1.5 -> 0.0584 | E48: =D48-$E$9 -> 0.0105
A49: ='[6]Raw Ratings'!A29 -> China | B49: ='[6]Raw Ratings'!C29 -> A1 | C49: =VLOOKUP(B49,$F$23:$G$41,2) -> 70 | D49: =$E$9+(C49/10000)*1.5 -> 0.0584 | E49: =D49-$E$9 -> 0.0105
A50: ='[6]Raw Ratings'!A30 -> Colombia | B50: ='[6]Raw Ratings'!C30 -> Baa3 | C50: =VLOOKUP(B50,$F$23:$G$41,2) -> 135 | D50: =$E$9+(C50/10000)*1.5 -> 0.06815 | E50: =D50-$E$9 -> 0.02025
A51: ='[6]Raw Ratings'!A31 -> Costa Rica | B51: ='[6]Raw Ratings'!C31 -> Ba1 | C51: =VLOOKUP(B51,$F$23:$G$41,2) -> 200 | D51: =$E$9+(C51/10000)*1.5 -> 0.0779 | E51: =D51-$E$9 -> 0.03
A52: ='[6]Raw Ratings'!A32 -> Croatia | B52: ='[6]Raw Ratings'!C32 -> Baa1 | C52: =VLOOKUP(B52,$F$23:$G$41,2) -> 100 | D52: =$E$9+(C52/10000)*1.5 -> 0.0629 | E52: =D52-$E$9 -> 0.015
A53: ='[6]Raw Ratings'!A33 -> Cuba | B53: ='[6]Raw Ratings'!C33 -> Caa1 | C53: =VLOOKUP(B53,$F$23:$G$41,2) -> 600 | D53: =$E$9+(C53/10000)*1.5 -> 0.1379 | E53: =D53-$E$9 -> 0.09
... A142: ='[6]Raw Ratings'!A122 -> Vietnam | B142: ='[6]Raw Ratings'!C122 -> Ba3 | C142: =VLOOKUP(B142,$F$23:$G$41,2) -> 300 | D142: =$E$9+(C142/10000)*1.5 -> 0.0929 | E142: =D142-$E$9 -> 0.045
B146: Rating | C146: Current
B147: A1 | C147: 70
B148: A2 | C148: 80
B149: A3 | C149: 85
B150: Aa1 | C150: 35
B151: Aa2 | C151: 50
B152: Aa3 | C152: 60
B153: Aaa | C153: 0
B154: B1 | C154: 350
B155: B2 | C155: 400
B156: B3 | C156: 450
B157: Ba1 | C157: 200
B158: Ba2 | C158: 250
... B165: Caa3 | C165: 750

Sheet ERP2008
A1: Estimating Country Risk Premiums
A2: To estimate the long term country risk premium, I start with the country rating (from Moody's: www.moodys.com) and estimate the default spread for
A3: that rating (US corporates and country bonds) over the treasury bond rate. This becomes a measure of the added country risk premium for that country.
A4: I add this default spread to the historical risk premium for a mature equity market (estimated from US historical data) to estimate the total risk premium.
A5: In the short term especially, the equity country risk premium is likely to be greater than the country's default spread. You can estimate an adjusted country risk
A6: premium by multiplying the default spread by the relative equity market volatility for that market (Std dev in country equity market/Std dev in country bond)
A7: In this spreadsheet, I have used the global average of equity to bond market volatility of 1.5 to estimate the country equity risk premium.
A9: Enter the current risk premium for a mature equity market | E9: 0.05 | F9: ! I use the risk premium for the United States for this estimate
F10: The historical spreads represent an average over 5 years
A11: The US corporate spreads come from a deeper market, but the country bond spreads may be a more direct measure of country risk. To update the spreads
A12: go to the bottom of the spreadsheet.
A13: Do you want to adjust the country risk premium for the additional volatility of the equity market? | F13: Yes | G13: ! Yes or No
A14: If no, use the country risk premium from the columns below
A15: If yes, you can adjust the country risk premium for the relative volatility of the equity market below:
A16: Enter the country risk premium from default spread = | E16: 0.055
A17: Enter the standard deviation in the equity market in the country = | E17: 0.61 | F17: ! Use annualized historical volatility
A18: Enter the standard deviation in the long term bond issued by the country = | E18: 0.35 | F18: ! Use annualized historical volatility
A19: The adjusted country risk premium for your country is = | E19: =E16*(E17/E18) -> 0.095857143
E20: =E17/E18 -> 1.7428571
A21: Country | B21: Region | C21: Long-Term Rating | D21: Adj. Default Spread | E21: Total Risk Premium | F21: Country Risk Premium | G21: Has to be sorted in ascending order
A22: ='[7]Raw Ratings'!A2 -> Albania | B22: Eastern Europe & Russia | C22: ='[7]Raw Ratings'!C2 -> B1 | D22: =VLOOKUP(C22,$G$23:$H$42,2) -> 650 | E22: =$E$9+(D22/10000)*1.5 -> 0.1475 | F22: =E22-$E$9 -> 0.0975 | G22: Rating | H22: Default spread in basis points
A23: ='[7]Raw Ratings'!A3 -> Argentina | B23: Central and South America | C23: ='[7]Raw Ratings'!C3 -> B3 | D23: =VLOOKUP(C23,$G$23:$H$42,2) -> 900 | E23: =$E$9+(D23/10000)*1.5 -> 0.185 | F23: =E23-$E$9 -> 0.135 | G23: A1 | H23: 140
A24: ='[7]Raw Ratings'!A4 -> Armenia | B24: Eastern Europe & Russia | C24: ='[7]Raw Ratings'!C4 -> Ba2 | D24: =VLOOKUP(C24,$G$23:$H$42,2) -> 400 | E24: =$E$9+(D24/10000)*1.5 -> 0.11 | F24: =E24-$E$9 -> 0.06 | G24: A2 | H24: 160
A25: ='[7]Raw Ratings'!A5 -> Australia | B25: Australia & New Zealand | C25: ='[7]Raw Ratings'!C5 -> Aaa | D25: =VLOOKUP(C25,$G$23:$H$42,2) -> 0 | E25: =$E$9+(D25/10000)*1.5 -> 0.05 | F25: =E25-$E$9 -> 0 | G25: A3 | H25: 175
A26: Austria | B26: Western Europe | C26: ='[7]Raw Ratings'!C6 -> Aaa | D26: =VLOOKUP(C26,$G$23:$H$42,2) -> 0 | E26: =$E$9+(D26/10000)*1.5 -> 0.05 | F26: =E26-$E$9 -> 0 | G26: Aa1 | H26: 70
A27: ='[7]Raw Ratings'!A7 -> Azerbaijan | B27: Eastern Europe & Russia | C27: ='[7]Raw Ratings'!C7 -> Ba1 | D27: =VLOOKUP(C27,$G$23:$H$42,2) -> 300 | E27: =$E$9+(D27/10000)*1.5 -> 0.095 | F27: =E27-$E$9 -> 0.045 | G27: Aa2 | H27: 100
A28: ='[7]Raw Ratings'!A8 -> Bahamas | B28: Caribbean | C28: ='[7]Raw Ratings'!C8 -> A1 | D28: =VLOOKUP(C28,$G$23:$H$42,2) -> 140 | E28: =$E$9+(D28/10000)*1.5 -> 0.071 | F28: =E28-$E$9 -> 0.021 | G28: Aa3 | H28: 120
A29: ='[7]Raw Ratings'!A9 -> Bahrain | B29: Middle East | C29: ='[7]Raw Ratings'!C9 -> A2 | D29: =VLOOKUP(C29,$G$23:$H$42,2) -> 160 | E29: =$E$9+(D29/10000)*1.5 -> 0.074 | F29: =E29-$E$9 -> 0.024 | G29: Aaa | H29: 0
A30: ='[7]Raw Ratings'!A10 -> Barbados | B30: Caribbean | C30: ='[7]Raw Ratings'!C10 -> A3 | D30: =VLOOKUP(C30,$G$23:$H$42,2) -> 175 | E30: =$E$9+(D30/10000)*1.5 -> 0.07625 | F30: =E30-$E$9 -> 0.02625 | G30: B1 | H30: 650
A31: ='[7]Raw Ratings'!A11 -> Belarus | B31: Eastern Europe & Russia | C31: ='[7]Raw Ratings'!C11 -> B1 | D31: =VLOOKUP(C31,$G$23:$H$42,2) -> 650 | E31: =$E$9+(D31/10000)*1.5 -> 0.1475 | F31: =E31-$E$9 -> 0.0975 | G31: B2 | H31: 750
A32: Belgium | B32: Western Europe | C32: ='[7]Raw Ratings'!C12 -> Aa1 | D32: =VLOOKUP(C32,$G$23:$H$42,2) -> 70 | E32: =$E$9+(D32/10000)*1.5 -> 0.0605 | F32: =E32-$E$9 -> 0.0105 | G32: B3 | H32: 900
A33: ='[7]Raw Ratings'!A13 -> Belize | B33: Central and South America | C33: ='[7]Raw Ratings'!C13 -> Caa1 | D33: =VLOOKUP(C33,$G$23:$H$42,2) -> 1200 | E33: =$E$9+(D33/10000)*1.5 -> 0.23 | F33: =E33-$E$9 -> 0.18 | G33: Ba1 | H33: 300
A34: ='[7]Raw Ratings'!A14 -> Bermuda | B34: Caribbean | C34: ='[7]Raw Ratings'!C14 -> Aaa | D34: =VLOOKUP(C34,$G$23:$H$42,2) -> 0 | E34: =$E$9+(D34/10000)*1.5 -> 0.05 | F34: =E34-$E$9 -> 0 | G34: Ba2 | H34: 400
A35: ='[7]Raw Ratings'!A15 -> Bolivia | B35: Central and South America | C35: ='[7]Raw Ratings'!C15 -> B3 | D35: =VLOOKUP(C35,$G$23:$H$42,2) -> 900 | E35: =$E$9+(D35/10000)*1.5 -> 0.185 | F35: =E35-$E$9 -> 0.135 | G35: Ba3 | H35: 525
A36: ='[7]Raw Ratings'!A16 -> Bosnia and Herzegovina | B36: Eastern Europe & Russia | C36: ='[7]Raw Ratings'!C16 -> B2 | D36: =VLOOKUP(C36,$G$23:$H$42,2) -> 750 | E36: =$E$9+(D36/10000)*1.5 -> 0.1625 | F36: =E36-$E$9 -> 0.1125 | G36: Baa1 | H36: 200
A37: ='[7]Raw Ratings'!A17 -> Botswana | B37: Africa | C37: ='[7]Raw Ratings'!C17 -> A1 | D37: =VLOOKUP(C37,$G$23:$H$42,2) -> 140 | E37: =$E$9+(D37/10000)*1.5 -> 0.071 | F37: =E37-$E$9 -> 0.021 | G37: Baa2 | H37: 225
A38: ='[7]Raw Ratings'!A18 -> Brazil | B38: Central and South America | C38: ='[7]Raw Ratings'!C18 -> Ba1 | D38: =VLOOKUP(C38,$G$23:$H$42,2) -> 300 | E38: =$E$9+(D38/10000)*1.5 -> 0.095 | F38: =E38-$E$9 -> 0.045 | G38: Baa3 | H38: 260
A39: ='[7]Raw Ratings'!A19 -> Bulgaria | B39: Eastern Europe & Russia | C39: ='[7]Raw Ratings'!C19 -> Baa3 | D39: =VLOOKUP(C39,$G$23:$H$42,2) -> 260 | E39: =$E$9+(D39/10000)*1.5 -> 0.089 | F39: =E39-$E$9 -> 0.039 | G39: Ca | H39: 1800
A40: ='[7]Raw Ratings'!A20 -> Cambodia | B40: Asia | C40: ='[7]Raw Ratings'!C20 -> B2 | D40: =VLOOKUP(C40,$G$23:$H$42,2) -> 750 | E40: =$E$9+(D40/10000)*1.5 -> 0.1625 | F40: =E40-$E$9 -> 0.1125 | G40: Caa1 | H40: 1200
A41: ='[7]Raw Ratings'!A21 -> Canada | B41: North America | C41: ='[7]Raw Ratings'!C21 -> Aaa | D41: =VLOOKUP(C41,$G$23:$H$42,2) -> 0 | E41: =$E$9+(D41/10000)*1.5 -> 0.05 | F41: =E41-$E$9 -> 0 | G41: Caa2 | H41: 1350
A42: ='[7]Raw Ratings'!A22 -> Cayman Islands | B42: Caribbean | C42: ='[7]Raw Ratings'!C22 -> Aa3 | D42: =VLOOKUP(C42,$G$23:$H$42,2) -> 120 | E42: =$E$9+(D42/10000)*1.5 -> 0.068 | F42: =E42-$E$9 -> 0.018 | G42: Caa3 | H42: 1500
A43: ='[7]Raw Ratings'!A23 -> Chile | B43: Central and South America | C43: ='[7]Raw Ratings'!C23 -> A1 | D43: =VLOOKUP(C43,$G$23:$H$42,2) -> 140 | E43: =$E$9+(D43/10000)*1.5 -> 0.071 | F43: =E43-$E$9 -> 0.021
A44: ='[7]Raw Ratings'!A24 -> China | B44: Asia | C44: ='[7]Raw Ratings'!C24 -> A1 | D44: =VLOOKUP(C44,$G$23:$H$42,2) -> 140 | E44: =$E$9+(D44/10000)*1.5 -> 0.071 | F44: =E44-$E$9 -> 0.021
A45: ='[7]Raw Ratings'!A25 -> Colombia | B45: Central and South America | C45: ='[7]Raw Ratings'!C25 -> Baa3 | D45: =VLOOKUP(C45,$G$23:$H$42,2) -> 260 | E45: =$E$9+(D45/10000)*1.5 -> 0.089 | F45: =E45-$E$9 -> 0.039
A46: ='[7]Raw Ratings'!A26 -> Costa Rica | B46: Central and South America | C46: ='[7]Raw Ratings'!C26 -> Ba1 | D46: =VLOOKUP(C46,$G$23:$H$42,2) -> 300 | E46: =$E$9+(D46/10000)*1.5 -> 0.095 | F46: =E46-$E$9 -> 0.045
A47: ='[7]Raw Ratings'!A27 -> Croatia | B47: Eastern Europe & Russia | C47: ='[7]Raw Ratings'!C27 -> Baa2 | D47: =VLOOKUP(C47,$G$23:$H$42,2) -> 225 | E47: =$E$9+(D47/10000)*1.5 -> 0.08375 | F47: =E47-$E$9 -> 0.03375
A48: ='[7]Raw Ratings'!A28 -> Cuba | B48: Caribbean | C48: ='[7]Raw Ratings'!C28 -> Caa1 | D48: =VLOOKUP(C48,$G$23:$H$42,2) -> 1200 | E48: =$E$9+(D48/10000)*1.5 -> 0.23 | F48: =E48-$E$9 -> 0.18
A49: Cyprus | B49: Western Europe | C49: ='[7]Raw Ratings'!C29 -> Aa3 | D49: =VLOOKUP(C49,$G$23:$H$42,2) -> 120 | E49: =$E$9+(D49/10000)*1.5 -> 0.068 | F49: =E49-$E$9 -> 0.018
A50: ='[7]Raw Ratings'!A30 -> Czech Republic | B50: Eastern Europe & Russia | C50: ='[7]Raw Ratings'!C30 -> A1 | D50: =VLOOKUP(C50,$G$23:$H$42,2) -> 140 | E50: =$E$9+(D50/10000)*1.5 -> 0.071 | F50: =E50-$E$9 -> 0.021
A51: ='[7]Raw Ratings'!A31 -> Denmark | B51: Western Europe | C51: ='[7]Raw Ratings'!C31 -> Aaa | D51: =VLOOKUP(C51,$G$23:$H$42,2) -> 0 | E51: =$E$9+(D51/10000)*1.5 -> 0.05 | F51: =E51-$E$9 -> 0
A52: ='[7]Raw Ratings'!A32 -> Dominican Republic | B52: Caribbean | C52: ='[7]Raw Ratings'!C32 -> B2 | D52: =VLOOKUP(C52,$G$23:$H$42,2) -> 750 | E52: =$E$9+(D52/10000)*1.5 -> 0.1625 | F52: =E52-$E$9 -> 0.1125
A53: ='[7]Raw Ratings'!A33 -> Ecuador | B53: Central and South America | C53: ='[7]Raw Ratings'!C33 -> Ca | D53: =VLOOKUP(C53,$G$23:$H$42,2) -> 1800 | E53: =$E$9+(D53/10000)*1.5 -> 0.32 | F53: =E53-$E$9 -> 0.27
A54: ='[7]Raw Ratings'!A34 -> Egypt | B54: Africa | C54: ='[7]Raw Ratings'!C34 -> Ba1 | D54: =VLOOKUP(C54,$G$23:$H$42,2) -> 300 | E54: =$E$9+(D54/10000)*1.5 -> 0.095 | F54: =E54-$E$9 -> 0.045
A55: ='[7]Raw Ratings'!A35 -> El Salvador | B55: Central and South America | C55: ='[7]Raw Ratings'!C35 -> Baa2 | D55: =VLOOKUP(C55,$G$23:$H$42,2) -> 225 | E55: =$E$9+(D55/10000)*1.5 -> 0.08375 | F55: =E55-$E$9 -> 0.03375
A56: ='[7]Raw Ratings'!A36 -> Estonia | B56: Eastern Europe & Russia | C56: ='[7]Raw Ratings'!C36 -> A1 | D56: =VLOOKUP(C56,$G$23:$H$42,2) -> 140 | E56: =$E$9+(D56/10000)*1.5 -> 0.071 | F56: =E56-$E$9 -> 0.021
A57: ='[7]Raw Ratings'!A37 -> Fiji Islands | B57: Asia | C57: ='[7]Raw Ratings'!C37 -> Ba2 | D57: =VLOOKUP(C57,$G$23:$H$42,2) -> 400 | E57: =$E$9+(D57/10000)*1.5 -> 0.11 | F57: =E57-$E$9 -> 0.06
A58: Finland | B58: Western Europe | C58: ='[7]Raw Ratings'!C38 -> Aaa | D58: =VLOOKUP(C58,$G$23:$H$42,2) -> 0 | E58: =$E$9+(D58/10000)*1.5 -> 0.05 | F58: =E58-$E$9 -> 0
A59: France | B59: Western Europe | C59: ='[7]Raw Ratings'!C39 -> Aaa | D59: =VLOOKUP(C59,$G$23:$H$42,2) -> 0 | E59: =$E$9+(D59/10000)*1.5 -> 0.05 | F59: =E59-$E$9 -> 0
A60: Germany | B60: Western Europe | C60: ='[7]Raw Ratings'!C40 -> Aaa | D60: =VLOOKUP(C60,$G$23:$H$42,2) -> 0 | E60: =$E$9+(D60/10000)*1.5 -> 0.05 | F60: =E60-$E$9 -> 0
A61: Greece | B61: Western Europe | C61: ='[7]Raw Ratings'!C41 -> A1 | D61: =VLOOKUP(C61,$G$23:$H$42,2) -> 140 | E61: =$E$9+(D61/10000)*1.5 -> 0.071 | F61: =E61-$E$9 -> 0.021
A62: ='[7]Raw Ratings'!A42 -> Guatemala | B62: Central and South America | C62: ='[7]Raw Ratings'!C42 -> Ba1 | D62: =VLOOKUP(C62,$G$23:$H$42,2) -> 300 | E62: =$E$9+(D62/10000)*1.5 -> 0.095 | F62: =E62-$E$9 -> 0.045
A63: ='[7]Raw Ratings'!A43 -> Honduras | B63: Central and South America | C63: ='[7]Raw Ratings'!C43 -> B2 | D63: =VLOOKUP(C63,$G$23:$H$42,2) -> 750 | E63: =$E$9+(D63/10000)*1.5 -> 0.1625 | F63: =E63-$E$9 -> 0.1125
A64: ='[7]Raw Ratings'!A44 -> Hong Kong | B64: Asia | C64: ='[7]Raw Ratings'!C44 -> Aa2 | D64: =VLOOKUP(C64,$G$23:$H$42,2) -> 100 | E64: =$E$9+(D64/10000)*1.5 -> 0.065 | F64: =E64-$E$9 -> 0.015
A65: ='[7]Raw Ratings'!A45 -> Hungary | B65: Eastern Europe & Russia | C65: ='[7]Raw Ratings'!C45 -> A3 | D65: =VLOOKUP(C65,$G$23:$H$42,2) -> 175 | E65: =$E$9+(D65/10000)*1.5 -> 0.07625 | F65: =E65-$E$9 -> 0.02625
A66: ='[7]Raw Ratings'!A46 -> Iceland | B66: Western Europe | C66: ='[7]Raw Ratings'!C46 -> Baa1 | D66: =VLOOKUP(C66,$G$23:$H$42,2) -> 200 | E66: =$E$9+(D66/10000)*1.5 -> 0.08 | F66: =E66-$E$9 -> 0.03
A67: ='[7]Raw Ratings'!A47 -> India | B67: Asia | C67: ='[7]Raw Ratings'!C47 -> Ba2 | D67: =VLOOKUP(C67,$G$23:$H$42,2) -> 400 | E67: =$E$9+(D67/10000)*1.5 -> 0.11 | F67: =E67-$E$9 -> 0.06
A68: ='[7]Raw Ratings'!A48 -> Indonesia | B68: Asia | C68: ='[7]Raw Ratings'!C48 -> Ba3 | D68: =VLOOKUP(C68,$G$23:$H$42,2) -> 525 | E68: =$E$9+(D68/10000)*1.5 -> 0.12875 | F68: =E68-$E$9 -> 0.07875
A69: Ireland | B69: Western Europe | C69: ='[7]Raw Ratings'!C49 -> Aaa | D69: =VLOOKUP(C69,$G$23:$H$42,2) -> 0 | E69: =$E$9+(D69/10000)*1.5 -> 0.05 | F69: =E69-$E$9 -> 0
A70: ='[7]Raw Ratings'!A50 -> Isle of Man | B70: Financial Center | C70: ='[7]Raw Ratings'!C50 -> Aaa | D70: =VLOOKUP(C70,$G$23:$H$42,2) -> 0 | E70: =$E$9+(D70/10000)*1.5 -> 0.05 | F70: =E70-$E$9 -> 0
A71: ='[7]Raw Ratings'!A51 -> Israel | B71: Middle East | C71: ='[7]Raw Ratings'!C51 -> A1 | D71: =VLOOKUP(C71,$G$23:$H$42,2) -> 140 | E71: =$E$9+(D71/10000)*1.5 -> 0.071 | F71: =E71-$E$9 -> 0.021
A72: Italy | B72: Western Europe | C72: ='[7]Raw Ratings'!C52 -> Aa2 | D72: =VLOOKUP(C72,$G$23:$H$42,2) -> 100 | E72: =$E$9+(D72/10000)*1.5 -> 0.065 | F72: =E72-$E$9 -> 0.015
A73: ='[7]Raw Ratings'!A53 -> Jamaica | B73: Caribbean | C73: ='[7]Raw Ratings'!C53 -> Ba2 | D73: =VLOOKUP(C73,$G$23:$H$42,2) -> 400 | E73: =$E$9+(D73/10000)*1.5 -> 0.11 | F73: =E73-$E$9 -> 0.06
A74: ='[7]Raw Ratings'!A54 -> Japan | B74: Asia | C74: ='[7]Raw Ratings'!C54 -> Aa3 | D74: =VLOOKUP(C74,$G$23:$H$42,2) -> 120 | E74: =$E$9+(D74/10000)*1.5 -> 0.068 | F74: =E74-$E$9 -> 0.018
